date,temperature_2m_c,year,month,day,day_of_year,weekday
2015-01-01,31.58,2015,1,1,1,Thursday
2015-01-02,32.90,2015,1,2,2,Friday
2015-01-03,29.14,2015,1,3,3,Saturday
2015-01-04,27.58,2015,1,4,4,Sunday
2015-01-05,26.56,2015,1,5,5,Monday
2015-01-06,26.93,2015,1,6,6,Tuesday
2015-01-07,28.37,2015,1,7,7,Wednesday
2015-01-08,28.90,2015,1,8,8,Thursday
2015-01-09,30.10,2015,1,9,9,Friday
2015-01-10,31.10,2015,1,10,10,Saturday
2015-01-11,31.35,2015,1,11,11,Sunday
2015-01-12,32.13,2015,1,12,12,Monday
2015-01-13,31.67,2015,1,13,13,Tuesday
2015-01-14,31.06,2015,1,14,14,Wednesday
2015-01-15,30.70,2015,1,15,15,Thursday
2015-01-16,29.30,2015,1,16,16,Friday
2015-01-17,30.42,2015,1,17,17,Saturday
2015-01-18,31.20,2015,1,18,18,Sunday
2015-01-19,31.33,2015,1,19,19,Monday
2015-01-20,31.10,2015,1,20,20,Tuesday
2015-01-21,29.88,2015,1,21,21,Wednesday
2015-01-22,26.58,2015,1,22,22,Thursday
2015-01-23,25.97,2015,1,23,23,Friday
2015-01-24,26.65,2015,1,24,24,Saturday
2015-01-25,28.41,2015,1,25,25,Sunday
2015-01-26,29.03,2015,1,26,26,Monday
2015-01-27,28.85,2015,1,27,27,Tuesday
2015-01-28,29.01,2015,1,28,28,Wednesday
2015-01-29,30.34,2015,1,29,29,Thursday
2015-01-30,28.89,2015,1,30,30,Friday
2015-01-31,26.02,2015,1,31,31,Saturday
2015-02-01,27.13,2015,2,1,32,Sunday
2015-02-02,26.90,2015,2,2,33,Monday
2015-02-03,26.98,2015,2,3,34,Tuesday
2015-02-04,27.00,2015,2,4,35,Wednesday
2015-02-05,26.20,2015,2,5,36,Thursday
2015-02-06,25.21,2015,2,6,37,Friday
2015-02-07,25.14,2015,2,7,38,Saturday
2015-02-08,25.85,2015,2,8,39,Sunday
2015-02-09,26.62,2015,2,9,40,Monday
2015-02-10,27.93,2015,2,10,41,Tuesday
2015-02-11,28.97,2015,2,11,42,Wednesday
2015-02-12,29.68,2015,2,12,43,Thursday
2015-02-13,30.29,2015,2,13,44,Friday
2015-02-14,28.90,2015,2,14,45,Saturday
2015-02-15,28.34,2015,2,15,46,Sunday
2015-02-16,25.85,2015,2,16,47,Monday
2015-02-17,26.99,2015,2,17,48,Tuesday
2015-02-18,27.80,2015,2,18,49,Wednesday
2015-02-19,28.06,2015,2,19,50,Thursday
2015-02-20,28.38,2015,2,20,51,Friday
2015-02-21,27.48,2015,2,21,52,Saturday
2015-02-22,26.84,2015,2,22,53,Sunday
2015-02-23,27.11,2015,2,23,54,Monday
2015-02-24,27.74,2015,2,24,55,Tuesday
2015-02-25,28.02,2015,2,25,56,Wednesday
2015-02-26,28.25,2015,2,26,57,Thursday
2015-02-27,28.66,2015,2,27,58,Friday
2015-02-28,26.20,2015,2,28,59,Saturday
2015-03-01,24.85,2015,3,1,60,Sunday
2015-03-02,24.35,2015,3,2,61,Monday
2015-03-03,25.22,2015,3,3,62,Tuesday
2015-03-04,25.82,2015,3,4,63,Wednesday
2015-03-05,26.60,2015,3,5,64,Thursday
2015-03-06,28.07,2015,3,6,65,Friday
2015-03-07,26.52,2015,3,7,66,Saturday
2015-03-08,25.20,2015,3,8,67,Sunday
2015-03-09,26.00,2015,3,9,68,Monday
2015-03-10,26.07,2015,3,10,69,Tuesday
2015-03-11,26.70,2015,3,11,70,Wednesday
2015-03-12,26.69,2015,3,12,71,Thursday
2015-03-13,27.38,2015,3,13,72,Friday
2015-03-14,26.88,2015,3,14,73,Saturday
2015-03-15,27.28,2015,3,15,74,Sunday
2015-03-16,27.34,2015,3,16,75,Monday
2015-03-17,25.68,2015,3,17,76,Tuesday
2015-03-18,25.28,2015,3,18,77,Wednesday
2015-03-19,25.84,2015,3,19,78,Thursday
2015-03-20,25.98,2015,3,20,79,Friday
2015-03-21,25.54,2015,3,21,80,Saturday
2015-03-22,25.06,2015,3,22,81,Sunday
2015-03-23,23.67,2015,3,23,82,Monday
2015-03-24,24.33,2015,3,24,83,Tuesday
2015-03-25,23.85,2015,3,25,84,Wednesday
2015-03-26,25.42,2015,3,26,85,Thursday
2015-03-27,25.55,2015,3,27,86,Friday
2015-03-28,25.45,2015,3,28,87,Saturday
2015-03-29,25.44,2015,3,29,88,Sunday
2015-03-30,25.68,2015,3,30,89,Monday
2015-03-31,27.02,2015,3,31,90,Tuesday
2015-04-01,25.34,2015,4,1,91,Wednesday
2015-04-02,24.12,2015,4,2,92,Thursday
2015-04-03,23.16,2015,4,3,93,Friday
2015-04-04,24.01,2015,4,4,94,Saturday
2015-04-05,25.78,2015,4,5,95,Sunday
2015-04-06,25.27,2015,4,6,96,Monday
2015-04-07,22.15,2015,4,7,97,Tuesday
2015-04-08,21.74,2015,4,8,98,Wednesday
2015-04-09,22.62,2015,4,9,99,Thursday
2015-04-10,23.08,2015,4,10,100,Friday
2015-04-11,22.94,2015,4,11,101,Saturday
2015-04-12,24.07,2015,4,12,102,Sunday
2015-04-13,23.82,2015,4,13,103,Monday
2015-04-14,24.14,2015,4,14,104,Tuesday
2015-04-15,25.68,2015,4,15,105,Wednesday
2015-04-16,25.82,2015,4,16,106,Thursday
2015-04-17,24.50,2015,4,17,107,Friday
2015-04-18,25.70,2015,4,18,108,Saturday
2015-04-19,26.16,2015,4,19,109,Sunday
2015-04-20,26.51,2015,4,20,110,Monday
2015-04-21,27.08,2015,4,21,111,Tuesday
2015-04-22,24.13,2015,4,22,112,Wednesday
2015-04-23,23.62,2015,4,23,113,Thursday
2015-04-24,24.28,2015,4,24,114,Friday
2015-04-25,23.47,2015,4,25,115,Saturday
2015-04-26,22.14,2015,4,26,116,Sunday
2015-04-27,22.50,2015,4,27,117,Monday
2015-04-28,22.90,2015,4,28,118,Tuesday
2015-04-29,21.85,2015,4,29,119,Wednesday
2015-04-30,20.76,2015,4,30,120,Thursday
2015-05-01,21.06,2015,5,1,121,Friday
2015-05-02,22.32,2015,5,2,122,Saturday
2015-05-03,24.14,2015,5,3,123,Sunday
2015-05-04,24.80,2015,5,4,124,Monday
2015-05-05,22.72,2015,5,5,125,Tuesday
2015-05-06,21.56,2015,5,6,126,Wednesday
2015-05-07,21.35,2015,5,7,127,Thursday
2015-05-08,20.42,2015,5,8,128,Friday
2015-05-09,21.19,2015,5,9,129,Saturday
2015-05-10,22.35,2015,5,10,130,Sunday
2015-05-11,22.18,2015,5,11,131,Monday
2015-05-12,22.21,2015,5,12,132,Tuesday
2015-05-13,21.06,2015,5,13,133,Wednesday
2015-05-14,20.49,2015,5,14,134,Thursday
2015-05-15,20.28,2015,5,15,135,Friday
2015-05-16,20.86,2015,5,16,136,Saturday
2015-05-17,21.43,2015,5,17,137,Sunday
2015-05-18,21.85,2015,5,18,138,Monday
2015-05-19,21.21,2015,5,19,139,Tuesday
2015-05-20,21.34,2015,5,20,140,Wednesday
2015-05-21,21.35,2015,5,21,141,Thursday
2015-05-22,21.46,2015,5,22,142,Friday
2015-05-23,21.35,2015,5,23,143,Saturday
2015-05-24,23.29,2015,5,24,144,Sunday
2015-05-25,24.48,2015,5,25,145,Monday
2015-05-26,23.25,2015,5,26,146,Tuesday
2015-05-27,23.64,2015,5,27,147,Wednesday
2015-05-28,24.38,2015,5,28,148,Thursday
2015-05-29,21.37,2015,5,29,149,Friday
2015-05-30,22.00,2015,5,30,150,Saturday
2015-05-31,22.04,2015,5,31,151,Sunday
2015-06-01,21.53,2015,6,1,152,Monday
2015-06-02,20.85,2015,6,2,153,Tuesday
2015-06-03,21.18,2015,6,3,154,Wednesday
2015-06-04,21.29,2015,6,4,155,Thursday
2015-06-05,21.85,2015,6,5,156,Friday
2015-06-06,22.98,2015,6,6,157,Saturday
2015-06-07,23.33,2015,6,7,158,Sunday
2015-06-08,23.50,2015,6,8,159,Monday
2015-06-09,22.99,2015,6,9,160,Tuesday
2015-06-10,22.88,2015,6,10,161,Wednesday
2015-06-11,23.82,2015,6,11,162,Thursday
2015-06-12,22.84,2015,6,12,163,Friday
2015-06-13,23.76,2015,6,13,164,Saturday
2015-06-14,23.95,2015,6,14,165,Sunday
2015-06-15,21.24,2015,6,15,166,Monday
2015-06-16,19.78,2015,6,16,167,Tuesday
2015-06-17,22.57,2015,6,17,168,Wednesday
2015-06-18,24.60,2015,6,18,169,Thursday
2015-06-19,20.35,2015,6,19,170,Friday
2015-06-20,19.65,2015,6,20,171,Saturday
2015-06-21,19.92,2015,6,21,172,Sunday
2015-06-22,21.62,2015,6,22,173,Monday
2015-06-23,22.66,2015,6,23,174,Tuesday
2015-06-24,19.38,2015,6,24,175,Wednesday
2015-06-25,18.50,2015,6,25,176,Thursday
2015-06-26,18.70,2015,6,26,177,Friday
2015-06-27,18.80,2015,6,27,178,Saturday
2015-06-28,19.10,2015,6,28,179,Sunday
2015-06-29,20.46,2015,6,29,180,Monday
2015-06-30,21.75,2015,6,30,181,Tuesday
2015-07-01,21.40,2015,7,1,182,Wednesday
2015-07-02,21.22,2015,7,2,183,Thursday
2015-07-03,22.00,2015,7,3,184,Friday
2015-07-04,22.72,2015,7,4,185,Saturday
2015-07-05,17.82,2015,7,5,186,Sunday
2015-07-06,18.99,2015,7,6,187,Monday
2015-07-07,20.68,2015,7,7,188,Tuesday
2015-07-08,21.63,2015,7,8,189,Wednesday
2015-07-09,22.32,2015,7,9,190,Thursday
2015-07-10,21.75,2015,7,10,191,Friday
2015-07-11,22.27,2015,7,11,192,Saturday
2015-07-12,23.92,2015,7,12,193,Sunday
2015-07-13,23.61,2015,7,13,194,Monday
2015-07-14,23.72,2015,7,14,195,Tuesday
2015-07-15,23.41,2015,7,15,196,Wednesday
2015-07-16,22.75,2015,7,16,197,Thursday
2015-07-17,22.65,2015,7,17,198,Friday
2015-07-18,22.27,2015,7,18,199,Saturday
2015-07-19,22.72,2015,7,19,200,Sunday
2015-07-20,23.10,2015,7,20,201,Monday
2015-07-21,21.99,2015,7,21,202,Tuesday
2015-07-22,19.51,2015,7,22,203,Wednesday
2015-07-23,20.25,2015,7,23,204,Thursday
2015-07-24,21.71,2015,7,24,205,Friday
2015-07-25,21.97,2015,7,25,206,Saturday
2015-07-26,20.65,2015,7,26,207,Sunday
2015-07-27,21.00,2015,7,27,208,Monday
2015-07-28,22.23,2015,7,28,209,Tuesday
2015-07-29,21.83,2015,7,29,210,Wednesday
2015-07-30,22.12,2015,7,30,211,Thursday
2015-07-31,22.81,2015,7,31,212,Friday
2015-08-01,22.85,2015,8,1,213,Saturday
2015-08-02,23.04,2015,8,2,214,Sunday
2015-08-03,23.07,2015,8,3,215,Monday
2015-08-04,23.57,2015,8,4,216,Tuesday
2015-08-05,22.62,2015,8,5,217,Wednesday
2015-08-06,22.58,2015,8,6,218,Thursday
2015-08-07,23.08,2015,8,7,219,Friday
2015-08-08,22.55,2015,8,8,220,Saturday
2015-08-09,21.54,2015,8,9,221,Sunday
2015-08-10,21.58,2015,8,10,222,Monday
2015-08-11,21.36,2015,8,11,223,Tuesday
2015-08-12,21.21,2015,8,12,224,Wednesday
2015-08-13,21.81,2015,8,13,225,Thursday
2015-08-14,22.01,2015,8,14,226,Friday
2015-08-15,22.75,2015,8,15,227,Saturday
2015-08-16,23.43,2015,8,16,228,Sunday
2015-08-17,23.08,2015,8,17,229,Monday
2015-08-18,23.61,2015,8,18,230,Tuesday
2015-08-19,25.44,2015,8,19,231,Wednesday
2015-08-20,21.53,2015,8,20,232,Thursday
2015-08-21,20.97,2015,8,21,233,Friday
2015-08-22,21.29,2015,8,22,234,Saturday
2015-08-23,23.69,2015,8,23,235,Sunday
2015-08-24,21.59,2015,8,24,236,Monday
2015-08-25,20.49,2015,8,25,237,Tuesday
2015-08-26,20.90,2015,8,26,238,Wednesday
2015-08-27,22.75,2015,8,27,239,Thursday
2015-08-28,21.61,2015,8,28,240,Friday
2015-08-29,20.84,2015,8,29,241,Saturday
2015-08-30,23.48,2015,8,30,242,Sunday
2015-08-31,25.75,2015,8,31,243,Monday
2015-09-01,25.60,2015,9,1,244,Tuesday
2015-09-02,19.74,2015,9,2,245,Wednesday
2015-09-03,20.57,2015,9,3,246,Thursday
2015-09-04,21.05,2015,9,4,247,Friday
2015-09-05,19.43,2015,9,5,248,Saturday
2015-09-06,20.61,2015,9,6,249,Sunday
2015-09-07,23.55,2015,9,7,250,Monday
2015-09-08,25.06,2015,9,8,251,Tuesday
2015-09-09,22.72,2015,9,9,252,Wednesday
2015-09-10,22.47,2015,9,10,253,Thursday
2015-09-11,22.18,2015,9,11,254,Friday
2015-09-12,20.22,2015,9,12,255,Saturday
2015-09-13,18.29,2015,9,13,256,Sunday
2015-09-14,18.85,2015,9,14,257,Monday
2015-09-15,22.08,2015,9,15,258,Tuesday
2015-09-16,25.41,2015,9,16,259,Wednesday
2015-09-17,26.32,2015,9,17,260,Thursday
2015-09-18,26.97,2015,9,18,261,Friday
2015-09-19,26.15,2015,9,19,262,Saturday
2015-09-20,24.16,2015,9,20,263,Sunday
2015-09-21,23.95,2015,9,21,264,Monday
2015-09-22,24.95,2015,9,22,265,Tuesday
2015-09-23,24.97,2015,9,23,266,Wednesday
2015-09-24,28.44,2015,9,24,267,Thursday
2015-09-25,28.62,2015,9,25,268,Friday
2015-09-26,24.46,2015,9,26,269,Saturday
2015-09-27,26.87,2015,9,27,270,Sunday
2015-09-28,26.49,2015,9,28,271,Monday
2015-09-29,23.24,2015,9,29,272,Tuesday
2015-09-30,26.02,2015,9,30,273,Wednesday
2015-10-01,24.63,2015,10,1,274,Thursday
2015-10-02,26.02,2015,10,2,275,Friday
2015-10-03,26.34,2015,10,3,276,Saturday
2015-10-04,22.41,2015,10,4,277,Sunday
2015-10-05,20.99,2015,10,5,278,Monday
2015-10-06,20.59,2015,10,6,279,Tuesday
2015-10-07,23.00,2015,10,7,280,Wednesday
2015-10-08,24.92,2015,10,8,281,Thursday
2015-10-09,25.98,2015,10,9,282,Friday
2015-10-10,25.80,2015,10,10,283,Saturday
2015-10-11,27.72,2015,10,11,284,Sunday
2015-10-12,26.99,2015,10,12,285,Monday
2015-10-13,25.54,2015,10,13,286,Tuesday
2015-10-14,27.50,2015,10,14,287,Wednesday
2015-10-15,30.23,2015,10,15,288,Thursday
2015-10-16,30.45,2015,10,16,289,Friday
2015-10-17,25.37,2015,10,17,290,Saturday
2015-10-18,21.93,2015,10,18,291,Sunday
2015-10-19,21.09,2015,10,19,292,Monday
2015-10-20,25.32,2015,10,20,293,Tuesday
2015-10-21,28.62,2015,10,21,294,Wednesday
2015-10-22,27.44,2015,10,22,295,Thursday
2015-10-23,25.85,2015,10,23,296,Friday
2015-10-24,23.15,2015,10,24,297,Saturday
2015-10-25,22.00,2015,10,25,298,Sunday
2015-10-26,23.60,2015,10,26,299,Monday
2015-10-27,24.86,2015,10,27,300,Tuesday
2015-10-28,24.74,2015,10,28,301,Wednesday
2015-10-29,23.19,2015,10,29,302,Thursday
2015-10-30,23.19,2015,10,30,303,Friday
2015-10-31,26.62,2015,10,31,304,Saturday
2015-11-01,25.98,2015,11,1,305,Sunday
2015-11-02,25.00,2015,11,2,306,Monday
2015-11-03,25.16,2015,11,3,307,Tuesday
2015-11-04,25.72,2015,11,4,308,Wednesday
2015-11-05,25.23,2015,11,5,309,Thursday
2015-11-06,24.65,2015,11,6,310,Friday
2015-11-07,23.47,2015,11,7,311,Saturday
2015-11-08,24.40,2015,11,8,312,Sunday
2015-11-09,25.99,2015,11,9,313,Monday
2015-11-10,26.82,2015,11,10,314,Tuesday
2015-11-11,28.05,2015,11,11,315,Wednesday
2015-11-12,25.55,2015,11,12,316,Thursday
2015-11-13,25.91,2015,11,13,317,Friday
2015-11-14,29.20,2015,11,14,318,Saturday
2015-11-15,26.29,2015,11,15,319,Sunday
2015-11-16,23.95,2015,11,16,320,Monday
2015-11-17,24.56,2015,11,17,321,Tuesday
2015-11-18,26.69,2015,11,18,322,Wednesday
2015-11-19,29.01,2015,11,19,323,Thursday
2015-11-20,29.00,2015,11,20,324,Friday
2015-11-21,23.42,2015,11,21,325,Saturday
2015-11-22,23.78,2015,11,22,326,Sunday
2015-11-23,22.94,2015,11,23,327,Monday
2015-11-24,23.85,2015,11,24,328,Tuesday
2015-11-25,24.58,2015,11,25,329,Wednesday
2015-11-26,23.77,2015,11,26,330,Thursday
2015-11-27,23.08,2015,11,27,331,Friday
2015-11-28,26.43,2015,11,28,332,Saturday
2015-11-29,26.67,2015,11,29,333,Sunday
2015-11-30,23.63,2015,11,30,334,Monday
2015-12-01,22.78,2015,12,1,335,Tuesday
2015-12-02,23.95,2015,12,2,336,Wednesday
2015-12-03,22.77,2015,12,3,337,Thursday
2015-12-04,22.97,2015,12,4,338,Friday
2015-12-05,26.50,2015,12,5,339,Saturday
2015-12-06,25.52,2015,12,6,340,Sunday
2015-12-07,23.40,2015,12,7,341,Monday
2015-12-08,23.18,2015,12,8,342,Tuesday
2015-12-09,25.71,2015,12,9,343,Wednesday
2015-12-10,28.70,2015,12,10,344,Thursday
2015-12-11,25.52,2015,12,11,345,Friday
2015-12-12,26.85,2015,12,12,346,Saturday
2015-12-13,27.53,2015,12,13,347,Sunday
2015-12-14,28.56,2015,12,14,348,Monday
2015-12-15,30.03,2015,12,15,349,Tuesday
2015-12-16,26.20,2015,12,16,350,Wednesday
2015-12-17,26.40,2015,12,17,351,Thursday
2015-12-18,28.84,2015,12,18,352,Friday
2015-12-19,29.33,2015,12,19,353,Saturday
2015-12-20,26.86,2015,12,20,354,Sunday
2015-12-21,27.40,2015,12,21,355,Monday
2015-12-22,27.97,2015,12,22,356,Tuesday
2015-12-23,28.57,2015,12,23,357,Wednesday
2015-12-24,29.25,2015,12,24,358,Thursday
2015-12-25,29.71,2015,12,25,359,Friday
2015-12-26,29.63,2015,12,26,360,Saturday
2015-12-27,29.45,2015,12,27,361,Sunday
2015-12-28,28.86,2015,12,28,362,Monday
2015-12-29,28.89,2015,12,29,363,Tuesday
2015-12-30,30.30,2015,12,30,364,Wednesday
2015-12-31,31.16,2015,12,31,365,Thursday
2016-01-01,30.20,2016,1,1,1,Friday
2016-01-02,25.90,2016,1,2,2,Saturday
2016-01-03,24.40,2016,1,3,3,Sunday
2016-01-04,24.11,2016,1,4,4,Monday
2016-01-05,24.00,2016,1,5,5,Tuesday
2016-01-06,25.00,2016,1,6,6,Wednesday
2016-01-07,26.20,2016,1,7,7,Thursday
2016-01-08,28.90,2016,1,8,8,Friday
2016-01-09,29.55,2016,1,9,9,Saturday
2016-01-10,30.25,2016,1,10,10,Sunday
2016-01-11,29.39,2016,1,11,11,Monday
2016-01-12,27.50,2016,1,12,12,Tuesday
2016-01-13,27.38,2016,1,13,13,Wednesday
2016-01-14,26.88,2016,1,14,14,Thursday
2016-01-15,25.78,2016,1,15,15,Friday
2016-01-16,23.89,2016,1,16,16,Saturday
2016-01-17,22.89,2016,1,17,17,Sunday
2016-01-18,21.91,2016,1,18,18,Monday
2016-01-19,23.07,2016,1,19,19,Tuesday
2016-01-20,22.98,2016,1,20,20,Wednesday
2016-01-21,23.92,2016,1,21,21,Thursday
2016-01-22,23.67,2016,1,22,22,Friday
2016-01-23,24.20,2016,1,23,23,Saturday
2016-01-24,24.74,2016,1,24,24,Sunday
2016-01-25,26.57,2016,1,25,25,Monday
2016-01-26,28.30,2016,1,26,26,Tuesday
2016-01-27,28.54,2016,1,27,27,Wednesday
2016-01-28,26.75,2016,1,28,28,Thursday
2016-01-29,27.24,2016,1,29,29,Friday
2016-01-30,28.58,2016,1,30,30,Saturday
2016-01-31,28.95,2016,1,31,31,Sunday
2016-02-01,29.10,2016,2,1,32,Monday
2016-02-02,27.87,2016,2,2,33,Tuesday
2016-02-03,26.85,2016,2,3,34,Wednesday
2016-02-04,27.57,2016,2,4,35,Thursday
2016-02-05,28.57,2016,2,5,36,Friday
2016-02-06,27.97,2016,2,6,37,Saturday
2016-02-07,27.78,2016,2,7,38,Sunday
2016-02-08,28.50,2016,2,8,39,Monday
2016-02-09,30.12,2016,2,9,40,Tuesday
2016-02-10,30.94,2016,2,10,41,Wednesday
2016-02-11,26.83,2016,2,11,42,Thursday
2016-02-12,24.92,2016,2,12,43,Friday
2016-02-13,25.40,2016,2,13,44,Saturday
2016-02-14,28.29,2016,2,14,45,Sunday
2016-02-15,28.60,2016,2,15,46,Monday
2016-02-16,26.87,2016,2,16,47,Tuesday
2016-02-17,27.32,2016,2,17,48,Wednesday
2016-02-18,27.68,2016,2,18,49,Thursday
2016-02-19,28.64,2016,2,19,50,Friday
2016-02-20,28.76,2016,2,20,51,Saturday
2016-02-21,27.47,2016,2,21,52,Sunday
2016-02-22,27.90,2016,2,22,53,Monday
2016-02-23,27.99,2016,2,23,54,Tuesday
2016-02-24,28.21,2016,2,24,55,Wednesday
2016-02-25,28.22,2016,2,25,56,Thursday
2016-02-26,29.56,2016,2,26,57,Friday
2016-02-27,29.92,2016,2,27,58,Saturday
2016-02-28,29.68,2016,2,28,59,Sunday
2016-02-29,24.93,2016,2,29,60,Monday
2016-03-01,23.41,2016,3,1,61,Tuesday
2016-03-02,25.32,2016,3,2,62,Wednesday
2016-03-03,27.88,2016,3,3,63,Thursday
2016-03-04,28.26,2016,3,4,64,Friday
2016-03-05,27.07,2016,3,5,65,Saturday
2016-03-06,27.55,2016,3,6,66,Sunday
2016-03-07,27.03,2016,3,7,67,Monday
2016-03-08,26.82,2016,3,8,68,Tuesday
2016-03-09,27.41,2016,3,9,69,Wednesday
2016-03-10,28.51,2016,3,10,70,Thursday
2016-03-11,27.43,2016,3,11,71,Friday
2016-03-12,26.93,2016,3,12,72,Saturday
2016-03-13,25.05,2016,3,13,73,Sunday
2016-03-14,25.49,2016,3,14,74,Monday
2016-03-15,25.98,2016,3,15,75,Tuesday
2016-03-16,25.24,2016,3,16,76,Wednesday
2016-03-17,24.80,2016,3,17,77,Thursday
2016-03-18,25.43,2016,3,18,78,Friday
2016-03-19,25.72,2016,3,19,79,Saturday
2016-03-20,25.70,2016,3,20,80,Sunday
2016-03-21,25.77,2016,3,21,81,Monday
2016-03-22,27.58,2016,3,22,82,Tuesday
2016-03-23,26.38,2016,3,23,83,Wednesday
2016-03-24,25.58,2016,3,24,84,Thursday
2016-03-25,26.38,2016,3,25,85,Friday
2016-03-26,27.11,2016,3,26,86,Saturday
2016-03-27,28.75,2016,3,27,87,Sunday
2016-03-28,28.42,2016,3,28,88,Monday
2016-03-29,27.36,2016,3,29,89,Tuesday
2016-03-30,26.54,2016,3,30,90,Wednesday
2016-03-31,26.80,2016,3,31,91,Thursday
2016-04-01,26.40,2016,4,1,92,Friday
2016-04-02,25.96,2016,4,2,93,Saturday
2016-04-03,26.51,2016,4,3,94,Sunday
2016-04-04,26.04,2016,4,4,95,Monday
2016-04-05,25.37,2016,4,5,96,Tuesday
2016-04-06,25.28,2016,4,6,97,Wednesday
2016-04-07,26.79,2016,4,7,98,Thursday
2016-04-08,26.38,2016,4,8,99,Friday
2016-04-09,26.21,2016,4,9,100,Saturday
2016-04-10,27.22,2016,4,10,101,Sunday
2016-04-11,26.89,2016,4,11,102,Monday
2016-04-12,27.13,2016,4,12,103,Tuesday
2016-04-13,26.62,2016,4,13,104,Wednesday
2016-04-14,28.16,2016,4,14,105,Thursday
2016-04-15,28.34,2016,4,15,106,Friday
2016-04-16,27.58,2016,4,16,107,Saturday
2016-04-17,27.20,2016,4,17,108,Sunday
2016-04-18,27.88,2016,4,18,109,Monday
2016-04-19,27.57,2016,4,19,110,Tuesday
2016-04-20,27.60,2016,4,20,111,Wednesday
2016-04-21,28.07,2016,4,21,112,Thursday
2016-04-22,28.84,2016,4,22,113,Friday
2016-04-23,28.26,2016,4,23,114,Saturday
2016-04-24,27.96,2016,4,24,115,Sunday
2016-04-25,27.67,2016,4,25,116,Monday
2016-04-26,27.97,2016,4,26,117,Tuesday
2016-04-27,24.85,2016,4,27,118,Wednesday
2016-04-28,21.41,2016,4,28,119,Thursday
2016-04-29,20.57,2016,4,29,120,Friday
2016-04-30,20.65,2016,4,30,121,Saturday
2016-05-01,19.73,2016,5,1,122,Sunday
2016-05-02,19.94,2016,5,2,123,Monday
2016-05-03,20.96,2016,5,3,124,Tuesday
2016-05-04,22.18,2016,5,4,125,Wednesday
2016-05-05,22.13,2016,5,5,126,Thursday
2016-05-06,22.48,2016,5,6,127,Friday
2016-05-07,23.51,2016,5,7,128,Saturday
2016-05-08,23.29,2016,5,8,129,Sunday
2016-05-09,24.27,2016,5,9,130,Monday
2016-05-10,25.34,2016,5,10,131,Tuesday
2016-05-11,23.61,2016,5,11,132,Wednesday
2016-05-12,22.61,2016,5,12,133,Thursday
2016-05-13,20.75,2016,5,13,134,Friday
2016-05-14,20.83,2016,5,14,135,Saturday
2016-05-15,21.80,2016,5,15,136,Sunday
2016-05-16,24.13,2016,5,16,137,Monday
2016-05-17,22.62,2016,5,17,138,Tuesday
2016-05-18,21.34,2016,5,18,139,Wednesday
2016-05-19,20.70,2016,5,19,140,Thursday
2016-05-20,22.12,2016,5,20,141,Friday
2016-05-21,23.83,2016,5,21,142,Saturday
2016-05-22,24.93,2016,5,22,143,Sunday
2016-05-23,21.43,2016,5,23,144,Monday
2016-05-24,19.22,2016,5,24,145,Tuesday
2016-05-25,19.27,2016,5,25,146,Wednesday
2016-05-26,20.54,2016,5,26,147,Thursday
2016-05-27,21.32,2016,5,27,148,Friday
2016-05-28,21.15,2016,5,28,149,Saturday
2016-05-29,21.67,2016,5,29,150,Sunday
2016-05-30,22.56,2016,5,30,151,Monday
2016-05-31,22.37,2016,5,31,152,Tuesday
2016-06-01,22.54,2016,6,1,153,Wednesday
2016-06-02,23.93,2016,6,2,154,Thursday
2016-06-03,21.58,2016,6,3,155,Friday
2016-06-04,21.98,2016,6,4,156,Saturday
2016-06-05,23.40,2016,6,5,157,Sunday
2016-06-06,22.93,2016,6,6,158,Monday
2016-06-07,20.78,2016,6,7,159,Tuesday
2016-06-08,19.06,2016,6,8,160,Wednesday
2016-06-09,18.40,2016,6,9,161,Thursday
2016-06-10,17.68,2016,6,10,162,Friday
2016-06-11,17.23,2016,6,11,163,Saturday
2016-06-12,16.03,2016,6,12,164,Sunday
2016-06-13,15.46,2016,6,13,165,Monday
2016-06-14,17.22,2016,6,14,166,Tuesday
2016-06-15,17.86,2016,6,15,167,Wednesday
2016-06-16,18.72,2016,6,16,168,Thursday
2016-06-17,20.42,2016,6,17,169,Friday
2016-06-18,19.88,2016,6,18,170,Saturday
2016-06-19,19.18,2016,6,19,171,Sunday
2016-06-20,19.38,2016,6,20,172,Monday
2016-06-21,18.94,2016,6,21,173,Tuesday
2016-06-22,19.85,2016,6,22,174,Wednesday
2016-06-23,19.39,2016,6,23,175,Thursday
2016-06-24,18.98,2016,6,24,176,Friday
2016-06-25,18.73,2016,6,25,177,Saturday
2016-06-26,19.14,2016,6,26,178,Sunday
2016-06-27,19.29,2016,6,27,179,Monday
2016-06-28,19.75,2016,6,28,180,Tuesday
2016-06-29,20.84,2016,6,29,181,Wednesday
2016-06-30,20.05,2016,6,30,182,Thursday
2016-07-01,21.10,2016,7,1,183,Friday
2016-07-02,21.85,2016,7,2,184,Saturday
2016-07-03,21.85,2016,7,3,185,Sunday
2016-07-04,21.01,2016,7,4,186,Monday
2016-07-05,21.88,2016,7,5,187,Tuesday
2016-07-06,22.46,2016,7,6,188,Wednesday
2016-07-07,20.32,2016,7,7,189,Thursday
2016-07-08,18.02,2016,7,8,190,Friday
2016-07-09,18.92,2016,7,9,191,Saturday
2016-07-10,22.08,2016,7,10,192,Sunday
2016-07-11,24.00,2016,7,11,193,Monday
2016-07-12,25.02,2016,7,12,194,Tuesday
2016-07-13,22.35,2016,7,13,195,Wednesday
2016-07-14,23.44,2016,7,14,196,Thursday
2016-07-15,24.40,2016,7,15,197,Friday
2016-07-16,23.57,2016,7,16,198,Saturday
2016-07-17,19.02,2016,7,17,199,Sunday
2016-07-18,17.31,2016,7,18,200,Monday
2016-07-19,16.72,2016,7,19,201,Tuesday
2016-07-20,18.09,2016,7,20,202,Wednesday
2016-07-21,17.72,2016,7,21,203,Thursday
2016-07-22,17.93,2016,7,22,204,Friday
2016-07-23,19.38,2016,7,23,205,Saturday
2016-07-24,21.47,2016,7,24,206,Sunday
2016-07-25,20.38,2016,7,25,207,Monday
2016-07-26,21.82,2016,7,26,208,Tuesday
2016-07-27,22.08,2016,7,27,209,Wednesday
2016-07-28,19.58,2016,7,28,210,Thursday
2016-07-29,19.36,2016,7,29,211,Friday
2016-07-30,19.89,2016,7,30,212,Saturday
2016-07-31,20.51,2016,7,31,213,Sunday
2016-08-01,21.57,2016,8,1,214,Monday
2016-08-02,21.20,2016,8,2,215,Tuesday
2016-08-03,19.97,2016,8,3,216,Wednesday
2016-08-04,20.20,2016,8,4,217,Thursday
2016-08-05,21.12,2016,8,5,218,Friday
2016-08-06,23.26,2016,8,6,219,Saturday
2016-08-07,22.59,2016,8,7,220,Sunday
2016-08-08,21.06,2016,8,8,221,Monday
2016-08-09,22.92,2016,8,9,222,Tuesday
2016-08-10,19.72,2016,8,10,223,Wednesday
2016-08-11,18.44,2016,8,11,224,Thursday
2016-08-12,18.29,2016,8,12,225,Friday
2016-08-13,18.67,2016,8,13,226,Saturday
2016-08-14,22.25,2016,8,14,227,Sunday
2016-08-15,24.64,2016,8,15,228,Monday
2016-08-16,23.69,2016,8,16,229,Tuesday
2016-08-17,24.86,2016,8,17,230,Wednesday
2016-08-18,23.87,2016,8,18,231,Thursday
2016-08-19,22.93,2016,8,19,232,Friday
2016-08-20,23.64,2016,8,20,233,Saturday
2016-08-21,21.49,2016,8,21,234,Sunday
2016-08-22,17.54,2016,8,22,235,Monday
2016-08-23,18.25,2016,8,23,236,Tuesday
2016-08-24,18.89,2016,8,24,237,Wednesday
2016-08-25,19.90,2016,8,25,238,Thursday
2016-08-26,20.81,2016,8,26,239,Friday
2016-08-27,21.75,2016,8,27,240,Saturday
2016-08-28,23.78,2016,8,28,241,Sunday
2016-08-29,25.32,2016,8,29,242,Monday
2016-08-30,25.65,2016,8,30,243,Tuesday
2016-08-31,23.52,2016,8,31,244,Wednesday
2016-09-01,22.48,2016,9,1,245,Thursday
2016-09-02,22.97,2016,9,2,246,Friday
2016-09-03,23.29,2016,9,3,247,Saturday
2016-09-04,24.43,2016,9,4,248,Sunday
2016-09-05,24.03,2016,9,5,249,Monday
2016-09-06,24.64,2016,9,6,250,Tuesday
2016-09-07,23.82,2016,9,7,251,Wednesday
2016-09-08,21.79,2016,9,8,252,Thursday
2016-09-09,21.45,2016,9,9,253,Friday
2016-09-10,22.49,2016,9,10,254,Saturday
2016-09-11,24.03,2016,9,11,255,Sunday
2016-09-12,25.40,2016,9,12,256,Monday
2016-09-13,27.38,2016,9,13,257,Tuesday
2016-09-14,25.10,2016,9,14,258,Wednesday
2016-09-15,23.59,2016,9,15,259,Thursday
2016-09-16,21.43,2016,9,16,260,Friday
2016-09-17,23.25,2016,9,17,261,Saturday
2016-09-18,26.27,2016,9,18,262,Sunday
2016-09-19,24.98,2016,9,19,263,Monday
2016-09-20,20.32,2016,9,20,264,Tuesday
2016-09-21,19.60,2016,9,21,265,Wednesday
2016-09-22,19.68,2016,9,22,266,Thursday
2016-09-23,21.48,2016,9,23,267,Friday
2016-09-24,22.38,2016,9,24,268,Saturday
2016-09-25,19.91,2016,9,25,269,Sunday
2016-09-26,19.77,2016,9,26,270,Monday
2016-09-27,20.21,2016,9,27,271,Tuesday
2016-09-28,20.64,2016,9,28,272,Wednesday
2016-09-29,22.58,2016,9,29,273,Thursday
2016-09-30,19.93,2016,9,30,274,Friday
2016-10-01,19.07,2016,10,1,275,Saturday
2016-10-02,19.07,2016,10,2,276,Sunday
2016-10-03,20.47,2016,10,3,277,Monday
2016-10-04,20.52,2016,10,4,278,Tuesday
2016-10-05,20.45,2016,10,5,279,Wednesday
2016-10-06,19.80,2016,10,6,280,Thursday
2016-10-07,20.56,2016,10,7,281,Friday
2016-10-08,21.38,2016,10,8,282,Saturday
2016-10-09,21.88,2016,10,9,283,Sunday
2016-10-10,20.56,2016,10,10,284,Monday
2016-10-11,21.23,2016,10,11,285,Tuesday
2016-10-12,23.56,2016,10,12,286,Wednesday
2016-10-13,25.57,2016,10,13,287,Thursday
2016-10-14,26.08,2016,10,14,288,Friday
2016-10-15,24.84,2016,10,15,289,Saturday
2016-10-16,27.20,2016,10,16,290,Sunday
2016-10-17,27.72,2016,10,17,291,Monday
2016-10-18,27.55,2016,10,18,292,Tuesday
2016-10-19,27.70,2016,10,19,293,Wednesday
2016-10-20,28.40,2016,10,20,294,Thursday
2016-10-21,25.48,2016,10,21,295,Friday
2016-10-22,23.17,2016,10,22,296,Saturday
2016-10-23,23.36,2016,10,23,297,Sunday
2016-10-24,24.28,2016,10,24,298,Monday
2016-10-25,23.88,2016,10,25,299,Tuesday
2016-10-26,24.13,2016,10,26,300,Wednesday
2016-10-27,27.93,2016,10,27,301,Thursday
2016-10-28,22.16,2016,10,28,302,Friday
2016-10-29,20.78,2016,10,29,303,Saturday
2016-10-30,20.22,2016,10,30,304,Sunday
2016-10-31,22.02,2016,10,31,305,Monday
2016-11-01,24.78,2016,11,1,306,Tuesday
2016-11-02,27.08,2016,11,2,307,Wednesday
2016-11-03,26.13,2016,11,3,308,Thursday
2016-11-04,21.67,2016,11,4,309,Friday
2016-11-05,21.68,2016,11,5,310,Saturday
2016-11-06,22.90,2016,11,6,311,Sunday
2016-11-07,23.47,2016,11,7,312,Monday
2016-11-08,24.29,2016,11,8,313,Tuesday
2016-11-09,25.59,2016,11,9,314,Wednesday
2016-11-10,27.36,2016,11,10,315,Thursday
2016-11-11,26.39,2016,11,11,316,Friday
2016-11-12,23.33,2016,11,12,317,Saturday
2016-11-13,22.00,2016,11,13,318,Sunday
2016-11-14,21.72,2016,11,14,319,Monday
2016-11-15,23.90,2016,11,15,320,Tuesday
2016-11-16,24.40,2016,11,16,321,Wednesday
2016-11-17,24.80,2016,11,17,322,Thursday
2016-11-18,22.23,2016,11,18,323,Friday
2016-11-19,19.96,2016,11,19,324,Saturday
2016-11-20,19.43,2016,11,20,325,Sunday
2016-11-21,22.30,2016,11,21,326,Monday
2016-11-22,23.53,2016,11,22,327,Tuesday
2016-11-23,22.89,2016,11,23,328,Wednesday
2016-11-24,23.45,2016,11,24,329,Thursday
2016-11-25,23.27,2016,11,25,330,Friday
2016-11-26,23.84,2016,11,26,331,Saturday
2016-11-27,25.21,2016,11,27,332,Sunday
2016-11-28,27.28,2016,11,28,333,Monday
2016-11-29,25.59,2016,11,29,334,Tuesday
2016-11-30,22.28,2016,11,30,335,Wednesday
2016-12-01,21.63,2016,12,1,336,Thursday
2016-12-02,22.88,2016,12,2,337,Friday
2016-12-03,25.78,2016,12,3,338,Saturday
2016-12-04,25.48,2016,12,4,339,Sunday
2016-12-05,23.28,2016,12,5,340,Monday
2016-12-06,23.82,2016,12,6,341,Tuesday
2016-12-07,25.20,2016,12,7,342,Wednesday
2016-12-08,26.93,2016,12,8,343,Thursday
2016-12-09,26.96,2016,12,9,344,Friday
2016-12-10,26.91,2016,12,10,345,Saturday
2016-12-11,28.94,2016,12,11,346,Sunday
2016-12-12,27.10,2016,12,12,347,Monday
2016-12-13,27.59,2016,12,13,348,Tuesday
2016-12-14,25.99,2016,12,14,349,Wednesday
2016-12-15,22.00,2016,12,15,350,Thursday
2016-12-16,21.95,2016,12,16,351,Friday
2016-12-17,22.83,2016,12,17,352,Saturday
2016-12-18,24.21,2016,12,18,353,Sunday
2016-12-19,25.62,2016,12,19,354,Monday
2016-12-20,26.94,2016,12,20,355,Tuesday
2016-12-21,27.53,2016,12,21,356,Wednesday
2016-12-22,27.99,2016,12,22,357,Thursday
2016-12-23,28.61,2016,12,23,358,Friday
2016-12-24,28.89,2016,12,24,359,Saturday
2016-12-25,27.99,2016,12,25,360,Sunday
2016-12-26,29.15,2016,12,26,361,Monday
2016-12-27,31.39,2016,12,27,362,Tuesday
2016-12-28,31.12,2016,12,28,363,Wednesday
2016-12-29,29.14,2016,12,29,364,Thursday
2016-12-30,30.66,2016,12,30,365,Friday
2016-12-31,31.25,2016,12,31,366,Saturday
2017-01-01,29.75,2017,1,1,1,Sunday
2017-01-02,29.18,2017,1,2,2,Monday
2017-01-03,27.55,2017,1,3,3,Tuesday
2017-01-04,29.45,2017,1,4,4,Wednesday
2017-01-05,30.12,2017,1,5,5,Thursday
2017-01-06,28.20,2017,1,6,6,Friday
2017-01-07,27.85,2017,1,7,7,Saturday
2017-01-08,27.86,2017,1,8,8,Sunday
2017-01-09,29.91,2017,1,9,9,Monday
2017-01-10,29.43,2017,1,10,10,Tuesday
2017-01-11,28.23,2017,1,11,11,Wednesday
2017-01-12,25.99,2017,1,12,12,Thursday
2017-01-13,25.38,2017,1,13,13,Friday
2017-01-14,26.44,2017,1,14,14,Saturday
2017-01-15,27.35,2017,1,15,15,Sunday
2017-01-16,28.24,2017,1,16,16,Monday
2017-01-17,28.66,2017,1,17,17,Tuesday
2017-01-18,28.92,2017,1,18,18,Wednesday
2017-01-19,26.85,2017,1,19,19,Thursday
2017-01-20,25.75,2017,1,20,20,Friday
2017-01-21,26.18,2017,1,21,21,Saturday
2017-01-22,26.40,2017,1,22,22,Sunday
2017-01-23,27.29,2017,1,23,23,Monday
2017-01-24,28.02,2017,1,24,24,Tuesday
2017-01-25,29.64,2017,1,25,25,Wednesday
2017-01-26,29.25,2017,1,26,26,Thursday
2017-01-27,27.92,2017,1,27,27,Friday
2017-01-28,28.07,2017,1,28,28,Saturday
2017-01-29,27.60,2017,1,29,29,Sunday
2017-01-30,27.00,2017,1,30,30,Monday
2017-01-31,26.43,2017,1,31,31,Tuesday
2017-02-01,27.18,2017,2,1,32,Wednesday
2017-02-02,27.79,2017,2,2,33,Thursday
2017-02-03,28.35,2017,2,3,34,Friday
2017-02-04,28.26,2017,2,4,35,Saturday
2017-02-05,28.32,2017,2,5,36,Sunday
2017-02-06,29.01,2017,2,6,37,Monday
2017-02-07,27.45,2017,2,7,38,Tuesday
2017-02-08,26.05,2017,2,8,39,Wednesday
2017-02-09,25.98,2017,2,9,40,Thursday
2017-02-10,26.35,2017,2,10,41,Friday
2017-02-11,27.43,2017,2,11,42,Saturday
2017-02-12,28.51,2017,2,12,43,Sunday
2017-02-13,28.63,2017,2,13,44,Monday
2017-02-14,27.97,2017,2,14,45,Tuesday
2017-02-15,28.05,2017,2,15,46,Wednesday
2017-02-16,27.45,2017,2,16,47,Thursday
2017-02-17,27.83,2017,2,17,48,Friday
2017-02-18,28.10,2017,2,18,49,Saturday
2017-02-19,28.30,2017,2,19,50,Sunday
2017-02-20,27.78,2017,2,20,51,Monday
2017-02-21,27.20,2017,2,21,52,Tuesday
2017-02-22,27.55,2017,2,22,53,Wednesday
2017-02-23,28.97,2017,2,23,54,Thursday
2017-02-24,28.14,2017,2,24,55,Friday
2017-02-25,27.10,2017,2,25,56,Saturday
2017-02-26,26.07,2017,2,26,57,Sunday
2017-02-27,26.62,2017,2,27,58,Monday
2017-02-28,27.63,2017,2,28,59,Tuesday
2017-03-01,29.65,2017,3,1,60,Wednesday
2017-03-02,29.07,2017,3,2,61,Thursday
2017-03-03,27.66,2017,3,3,62,Friday
2017-03-04,28.57,2017,3,4,63,Saturday
2017-03-05,28.80,2017,3,5,64,Sunday
2017-03-06,26.68,2017,3,6,65,Monday
2017-03-07,26.40,2017,3,7,66,Tuesday
2017-03-08,25.58,2017,3,8,67,Wednesday
2017-03-09,26.60,2017,3,9,68,Thursday
2017-03-10,28.44,2017,3,10,69,Friday
2017-03-11,28.01,2017,3,11,70,Saturday
2017-03-12,28.08,2017,3,12,71,Sunday
2017-03-13,27.07,2017,3,13,72,Monday
2017-03-14,25.56,2017,3,14,73,Tuesday
2017-03-15,25.57,2017,3,15,74,Wednesday
2017-03-16,26.85,2017,3,16,75,Thursday
2017-03-17,27.38,2017,3,17,76,Friday
2017-03-18,24.24,2017,3,18,77,Saturday
2017-03-19,22.95,2017,3,19,78,Sunday
2017-03-20,22.93,2017,3,20,79,Monday
2017-03-21,23.77,2017,3,21,80,Tuesday
2017-03-22,23.66,2017,3,22,81,Wednesday
2017-03-23,23.62,2017,3,23,82,Thursday
2017-03-24,24.13,2017,3,24,83,Friday
2017-03-25,24.42,2017,3,25,84,Saturday
2017-03-26,24.54,2017,3,26,85,Sunday
2017-03-27,24.31,2017,3,27,86,Monday
2017-03-28,23.49,2017,3,28,87,Tuesday
2017-03-29,22.97,2017,3,29,88,Wednesday
2017-03-30,22.77,2017,3,30,89,Thursday
2017-03-31,22.51,2017,3,31,90,Friday
2017-04-01,22.48,2017,4,1,91,Saturday
2017-04-02,22.65,2017,4,2,92,Sunday
2017-04-03,23.44,2017,4,3,93,Monday
2017-04-04,24.03,2017,4,4,94,Tuesday
2017-04-05,25.38,2017,4,5,95,Wednesday
2017-04-06,26.50,2017,4,6,96,Thursday
2017-04-07,25.19,2017,4,7,97,Friday
2017-04-08,25.04,2017,4,8,98,Saturday
2017-04-09,25.29,2017,4,9,99,Sunday
2017-04-10,25.30,2017,4,10,100,Monday
2017-04-11,25.67,2017,4,11,101,Tuesday
2017-04-12,24.52,2017,4,12,102,Wednesday
2017-04-13,22.99,2017,4,13,103,Thursday
2017-04-14,23.63,2017,4,14,104,Friday
2017-04-15,24.10,2017,4,15,105,Saturday
2017-04-16,24.54,2017,4,16,106,Sunday
2017-04-17,24.60,2017,4,17,107,Monday
2017-04-18,23.75,2017,4,18,108,Tuesday
2017-04-19,22.73,2017,4,19,109,Wednesday
2017-04-20,23.07,2017,4,20,110,Thursday
2017-04-21,24.47,2017,4,21,111,Friday
2017-04-22,23.41,2017,4,22,112,Saturday
2017-04-23,22.83,2017,4,23,113,Sunday
2017-04-24,22.73,2017,4,24,114,Monday
2017-04-25,23.38,2017,4,25,115,Tuesday
2017-04-26,25.46,2017,4,26,116,Wednesday
2017-04-27,24.13,2017,4,27,117,Thursday
2017-04-28,21.47,2017,4,28,118,Friday
2017-04-29,20.97,2017,4,29,119,Saturday
2017-04-30,21.56,2017,4,30,120,Sunday
2017-05-01,22.16,2017,5,1,121,Monday
2017-05-02,21.64,2017,5,2,122,Tuesday
2017-05-03,21.50,2017,5,3,123,Wednesday
2017-05-04,22.17,2017,5,4,124,Thursday
2017-05-05,22.38,2017,5,5,125,Friday
2017-05-06,22.03,2017,5,6,126,Saturday
2017-05-07,22.03,2017,5,7,127,Sunday
2017-05-08,22.00,2017,5,8,128,Monday
2017-05-09,22.74,2017,5,9,129,Tuesday
2017-05-10,22.47,2017,5,10,130,Wednesday
2017-05-11,21.98,2017,5,11,131,Thursday
2017-05-12,20.88,2017,5,12,132,Friday
2017-05-13,21.50,2017,5,13,133,Saturday
2017-05-14,24.54,2017,5,14,134,Sunday
2017-05-15,23.03,2017,5,15,135,Monday
2017-05-16,21.74,2017,5,16,136,Tuesday
2017-05-17,21.12,2017,5,17,137,Wednesday
2017-05-18,21.04,2017,5,18,138,Thursday
2017-05-19,19.72,2017,5,19,139,Friday
2017-05-20,21.54,2017,5,20,140,Saturday
2017-05-21,22.67,2017,5,21,141,Sunday
2017-05-22,22.37,2017,5,22,142,Monday
2017-05-23,21.23,2017,5,23,143,Tuesday
2017-05-24,21.03,2017,5,24,144,Wednesday
2017-05-25,22.39,2017,5,25,145,Thursday
2017-05-26,23.14,2017,5,26,146,Friday
2017-05-27,22.43,2017,5,27,147,Saturday
2017-05-28,21.39,2017,5,28,148,Sunday
2017-05-29,21.06,2017,5,29,149,Monday
2017-05-30,21.07,2017,5,30,150,Tuesday
2017-05-31,20.90,2017,5,31,151,Wednesday
2017-06-01,22.77,2017,6,1,152,Thursday
2017-06-02,21.20,2017,6,2,153,Friday
2017-06-03,20.71,2017,6,3,154,Saturday
2017-06-04,21.26,2017,6,4,155,Sunday
2017-06-05,23.36,2017,6,5,156,Monday
2017-06-06,22.81,2017,6,6,157,Tuesday
2017-06-07,23.19,2017,6,7,158,Wednesday
2017-06-08,24.58,2017,6,8,159,Thursday
2017-06-09,23.95,2017,6,9,160,Friday
2017-06-10,19.03,2017,6,10,161,Saturday
2017-06-11,18.43,2017,6,11,162,Sunday
2017-06-12,19.85,2017,6,12,163,Monday
2017-06-13,20.70,2017,6,13,164,Tuesday
2017-06-14,20.95,2017,6,14,165,Wednesday
2017-06-15,20.50,2017,6,15,166,Thursday
2017-06-16,20.22,2017,6,16,167,Friday
2017-06-17,20.54,2017,6,17,168,Saturday
2017-06-18,22.60,2017,6,18,169,Sunday
2017-06-19,23.04,2017,6,19,170,Monday
2017-06-20,21.14,2017,6,20,171,Tuesday
2017-06-21,20.51,2017,6,21,172,Wednesday
2017-06-22,20.70,2017,6,22,173,Thursday
2017-06-23,20.43,2017,6,23,174,Friday
2017-06-24,20.69,2017,6,24,175,Saturday
2017-06-25,20.12,2017,6,25,176,Sunday
2017-06-26,19.95,2017,6,26,177,Monday
2017-06-27,19.86,2017,6,27,178,Tuesday
2017-06-28,20.85,2017,6,28,179,Wednesday
2017-06-29,20.53,2017,6,29,180,Thursday
2017-06-30,21.56,2017,6,30,181,Friday
2017-07-01,20.82,2017,7,1,182,Saturday
2017-07-02,19.68,2017,7,2,183,Sunday
2017-07-03,18.17,2017,7,3,184,Monday
2017-07-04,18.20,2017,7,4,185,Tuesday
2017-07-05,19.04,2017,7,5,186,Wednesday
2017-07-06,19.25,2017,7,6,187,Thursday
2017-07-07,19.98,2017,7,7,188,Friday
2017-07-08,20.10,2017,7,8,189,Saturday
2017-07-09,20.42,2017,7,9,190,Sunday
2017-07-10,20.44,2017,7,10,191,Monday
2017-07-11,19.82,2017,7,11,192,Tuesday
2017-07-12,19.97,2017,7,12,193,Wednesday
2017-07-13,20.76,2017,7,13,194,Thursday
2017-07-14,20.50,2017,7,14,195,Friday
2017-07-15,20.72,2017,7,15,196,Saturday
2017-07-16,21.84,2017,7,16,197,Sunday
2017-07-17,22.43,2017,7,17,198,Monday
2017-07-18,19.41,2017,7,18,199,Tuesday
2017-07-19,17.74,2017,7,19,200,Wednesday
2017-07-20,19.22,2017,7,20,201,Thursday
2017-07-21,19.81,2017,7,21,202,Friday
2017-07-22,20.02,2017,7,22,203,Saturday
2017-07-23,20.16,2017,7,23,204,Sunday
2017-07-24,20.29,2017,7,24,205,Monday
2017-07-25,20.83,2017,7,25,206,Tuesday
2017-07-26,20.47,2017,7,26,207,Wednesday
2017-07-27,20.16,2017,7,27,208,Thursday
2017-07-28,20.11,2017,7,28,209,Friday
2017-07-29,21.18,2017,7,29,210,Saturday
2017-07-30,20.30,2017,7,30,211,Sunday
2017-07-31,20.60,2017,7,31,212,Monday
2017-08-01,20.36,2017,8,1,213,Tuesday
2017-08-02,21.42,2017,8,2,214,Wednesday
2017-08-03,23.70,2017,8,3,215,Thursday
2017-08-04,20.27,2017,8,4,216,Friday
2017-08-05,19.60,2017,8,5,217,Saturday
2017-08-06,18.59,2017,8,6,218,Sunday
2017-08-07,18.88,2017,8,7,219,Monday
2017-08-08,21.15,2017,8,8,220,Tuesday
2017-08-09,24.37,2017,8,9,221,Wednesday
2017-08-10,21.03,2017,8,10,222,Thursday
2017-08-11,19.60,2017,8,11,223,Friday
2017-08-12,19.70,2017,8,12,224,Saturday
2017-08-13,20.33,2017,8,13,225,Sunday
2017-08-14,21.24,2017,8,14,226,Monday
2017-08-15,20.74,2017,8,15,227,Tuesday
2017-08-16,19.82,2017,8,16,228,Wednesday
2017-08-17,20.01,2017,8,17,229,Thursday
2017-08-18,20.28,2017,8,18,230,Friday
2017-08-19,21.24,2017,8,19,231,Saturday
2017-08-20,22.14,2017,8,20,232,Sunday
2017-08-21,18.77,2017,8,21,233,Monday
2017-08-22,19.08,2017,8,22,234,Tuesday
2017-08-23,19.53,2017,8,23,235,Wednesday
2017-08-24,19.85,2017,8,24,236,Thursday
2017-08-25,19.08,2017,8,25,237,Friday
2017-08-26,19.12,2017,8,26,238,Saturday
2017-08-27,19.07,2017,8,27,239,Sunday
2017-08-28,19.73,2017,8,28,240,Monday
2017-08-29,19.81,2017,8,29,241,Tuesday
2017-08-30,22.40,2017,8,30,242,Wednesday
2017-08-31,20.77,2017,8,31,243,Thursday
2017-09-01,20.15,2017,9,1,244,Friday
2017-09-02,20.29,2017,9,2,245,Saturday
2017-09-03,20.58,2017,9,3,246,Sunday
2017-09-04,20.52,2017,9,4,247,Monday
2017-09-05,21.88,2017,9,5,248,Tuesday
2017-09-06,20.35,2017,9,6,249,Wednesday
2017-09-07,19.65,2017,9,7,250,Thursday
2017-09-08,20.62,2017,9,8,251,Friday
2017-09-09,21.68,2017,9,9,252,Saturday
2017-09-10,22.59,2017,9,10,253,Sunday
2017-09-11,23.53,2017,9,11,254,Monday
2017-09-12,23.05,2017,9,12,255,Tuesday
2017-09-13,22.83,2017,9,13,256,Wednesday
2017-09-14,23.88,2017,9,14,257,Thursday
2017-09-15,23.95,2017,9,15,258,Friday
2017-09-16,22.12,2017,9,16,259,Saturday
2017-09-17,23.28,2017,9,17,260,Sunday
2017-09-18,21.17,2017,9,18,261,Monday
2017-09-19,21.52,2017,9,19,262,Tuesday
2017-09-20,22.39,2017,9,20,263,Wednesday
2017-09-21,22.40,2017,9,21,264,Thursday
2017-09-22,23.29,2017,9,22,265,Friday
2017-09-23,24.16,2017,9,23,266,Saturday
2017-09-24,21.39,2017,9,24,267,Sunday
2017-09-25,21.36,2017,9,25,268,Monday
2017-09-26,21.98,2017,9,26,269,Tuesday
2017-09-27,23.22,2017,9,27,270,Wednesday
2017-09-28,22.46,2017,9,28,271,Thursday
2017-09-29,22.13,2017,9,29,272,Friday
2017-09-30,22.05,2017,9,30,273,Saturday
2017-10-01,23.85,2017,10,1,274,Sunday
2017-10-02,25.73,2017,10,2,275,Monday
2017-10-03,22.08,2017,10,3,276,Tuesday
2017-10-04,21.03,2017,10,4,277,Wednesday
2017-10-05,22.87,2017,10,5,278,Thursday
2017-10-06,24.23,2017,10,6,279,Friday
2017-10-07,23.31,2017,10,7,280,Saturday
2017-10-08,23.48,2017,10,8,281,Sunday
2017-10-09,24.22,2017,10,9,282,Monday
2017-10-10,24.75,2017,10,10,283,Tuesday
2017-10-11,24.75,2017,10,11,284,Wednesday
2017-10-12,23.34,2017,10,12,285,Thursday
2017-10-13,22.90,2017,10,13,286,Friday
2017-10-14,22.86,2017,10,14,287,Saturday
2017-10-15,21.88,2017,10,15,288,Sunday
2017-10-16,21.38,2017,10,16,289,Monday
2017-10-17,22.80,2017,10,17,290,Tuesday
2017-10-18,24.84,2017,10,18,291,Wednesday
2017-10-19,26.20,2017,10,19,292,Thursday
2017-10-20,24.76,2017,10,20,293,Friday
2017-10-21,23.77,2017,10,21,294,Saturday
2017-10-22,24.88,2017,10,22,295,Sunday
2017-10-23,20.82,2017,10,23,296,Monday
2017-10-24,20.72,2017,10,24,297,Tuesday
2017-10-25,22.83,2017,10,25,298,Wednesday
2017-10-26,23.55,2017,10,26,299,Thursday
2017-10-27,24.55,2017,10,27,300,Friday
2017-10-28,26.19,2017,10,28,301,Saturday
2017-10-29,24.16,2017,10,29,302,Sunday
2017-10-30,23.58,2017,10,30,303,Monday
2017-10-31,23.51,2017,10,31,304,Tuesday
2017-11-01,22.00,2017,11,1,305,Wednesday
2017-11-02,21.93,2017,11,2,306,Thursday
2017-11-03,23.82,2017,11,3,307,Friday
2017-11-04,27.58,2017,11,4,308,Saturday
2017-11-05,24.78,2017,11,5,309,Sunday
2017-11-06,22.05,2017,11,6,310,Monday
2017-11-07,21.71,2017,11,7,311,Tuesday
2017-11-08,21.93,2017,11,8,312,Wednesday
2017-11-09,23.33,2017,11,9,313,Thursday
2017-11-10,25.72,2017,11,10,314,Friday
2017-11-11,23.17,2017,11,11,315,Saturday
2017-11-12,23.16,2017,11,12,316,Sunday
2017-11-13,22.23,2017,11,13,317,Monday
2017-11-14,21.76,2017,11,14,318,Tuesday
2017-11-15,23.35,2017,11,15,319,Wednesday
2017-11-16,27.08,2017,11,16,320,Thursday
2017-11-17,27.05,2017,11,17,321,Friday
2017-11-18,26.69,2017,11,18,322,Saturday
2017-11-19,24.18,2017,11,19,323,Sunday
2017-11-20,22.73,2017,11,20,324,Monday
2017-11-21,23.75,2017,11,21,325,Tuesday
2017-11-22,23.00,2017,11,22,326,Wednesday
2017-11-23,21.64,2017,11,23,327,Thursday
2017-11-24,22.23,2017,11,24,328,Friday
2017-11-25,24.89,2017,11,25,329,Saturday
2017-11-26,27.79,2017,11,26,330,Sunday
2017-11-27,25.52,2017,11,27,331,Monday
2017-11-28,22.94,2017,11,28,332,Tuesday
2017-11-29,22.46,2017,11,29,333,Wednesday
2017-11-30,22.49,2017,11,30,334,Thursday
2017-12-01,22.23,2017,12,1,335,Friday
2017-12-02,23.13,2017,12,2,336,Saturday
2017-12-03,23.56,2017,12,3,337,Sunday
2017-12-04,24.15,2017,12,4,338,Monday
2017-12-05,23.86,2017,12,5,339,Tuesday
2017-12-06,23.21,2017,12,6,340,Wednesday
2017-12-07,24.51,2017,12,7,341,Thursday
2017-12-08,23.69,2017,12,8,342,Friday
2017-12-09,23.88,2017,12,9,343,Saturday
2017-12-10,23.45,2017,12,10,344,Sunday
2017-12-11,24.33,2017,12,11,345,Monday
2017-12-12,22.46,2017,12,12,346,Tuesday
2017-12-13,23.19,2017,12,13,347,Wednesday
2017-12-14,23.71,2017,12,14,348,Thursday
2017-12-15,25.35,2017,12,15,349,Friday
2017-12-16,25.08,2017,12,16,350,Saturday
2017-12-17,28.20,2017,12,17,351,Sunday
2017-12-18,27.45,2017,12,18,352,Monday
2017-12-19,25.54,2017,12,19,353,Tuesday
2017-12-20,26.07,2017,12,20,354,Wednesday
2017-12-21,25.71,2017,12,21,355,Thursday
2017-12-22,25.82,2017,12,22,356,Friday
2017-12-23,27.69,2017,12,23,357,Saturday
2017-12-24,28.55,2017,12,24,358,Sunday
2017-12-25,26.72,2017,12,25,359,Monday
2017-12-26,26.00,2017,12,26,360,Tuesday
2017-12-27,26.07,2017,12,27,361,Wednesday
2017-12-28,25.38,2017,12,28,362,Thursday
2017-12-29,25.32,2017,12,29,363,Friday
2017-12-30,25.94,2017,12,30,364,Saturday
2017-12-31,27.45,2017,12,31,365,Sunday
2018-01-01,26.91,2018,1,1,1,Monday
2018-01-02,27.99,2018,1,2,2,Tuesday
2018-01-03,27.67,2018,1,3,3,Wednesday
2018-01-04,24.38,2018,1,4,4,Thursday
2018-01-05,23.68,2018,1,5,5,Friday
2018-01-06,26.14,2018,1,6,6,Saturday
2018-01-07,24.41,2018,1,7,7,Sunday
2018-01-08,23.91,2018,1,8,8,Monday
2018-01-09,25.01,2018,1,9,9,Tuesday
2018-01-10,25.76,2018,1,10,10,Wednesday
2018-01-11,25.86,2018,1,11,11,Thursday
2018-01-12,26.14,2018,1,12,12,Friday
2018-01-13,26.79,2018,1,13,13,Saturday
2018-01-14,27.19,2018,1,14,14,Sunday
2018-01-15,28.60,2018,1,15,15,Monday
2018-01-16,27.53,2018,1,16,16,Tuesday
2018-01-17,27.27,2018,1,17,17,Wednesday
2018-01-18,29.20,2018,1,18,18,Thursday
2018-01-19,27.64,2018,1,19,19,Friday
2018-01-20,26.67,2018,1,20,20,Saturday
2018-01-21,26.12,2018,1,21,21,Sunday
2018-01-22,27.50,2018,1,22,22,Monday
2018-01-23,28.01,2018,1,23,23,Tuesday
2018-01-24,28.83,2018,1,24,24,Wednesday
2018-01-25,27.81,2018,1,25,25,Thursday
2018-01-26,25.73,2018,1,26,26,Friday
2018-01-27,24.70,2018,1,27,27,Saturday
2018-01-28,25.62,2018,1,28,28,Sunday
2018-01-29,26.64,2018,1,29,29,Monday
2018-01-30,23.90,2018,1,30,30,Tuesday
2018-01-31,24.20,2018,1,31,31,Wednesday
2018-02-01,24.60,2018,2,1,32,Thursday
2018-02-02,25.01,2018,2,2,33,Friday
2018-02-03,24.85,2018,2,3,34,Saturday
2018-02-04,24.92,2018,2,4,35,Sunday
2018-02-05,22.64,2018,2,5,36,Monday
2018-02-06,23.84,2018,2,6,37,Tuesday
2018-02-07,24.84,2018,2,7,38,Wednesday
2018-02-08,25.41,2018,2,8,39,Thursday
2018-02-09,26.03,2018,2,9,40,Friday
2018-02-10,27.94,2018,2,10,41,Saturday
2018-02-11,28.33,2018,2,11,42,Sunday
2018-02-12,28.99,2018,2,12,43,Monday
2018-02-13,26.81,2018,2,13,44,Tuesday
2018-02-14,25.88,2018,2,14,45,Wednesday
2018-02-15,25.82,2018,2,15,46,Thursday
2018-02-16,25.34,2018,2,16,47,Friday
2018-02-17,25.27,2018,2,17,48,Saturday
2018-02-18,25.37,2018,2,18,49,Sunday
2018-02-19,26.16,2018,2,19,50,Monday
2018-02-20,28.03,2018,2,20,51,Tuesday
2018-02-21,28.00,2018,2,21,52,Wednesday
2018-02-22,25.68,2018,2,22,53,Thursday
2018-02-23,25.21,2018,2,23,54,Friday
2018-02-24,25.01,2018,2,24,55,Saturday
2018-02-25,25.08,2018,2,25,56,Sunday
2018-02-26,25.48,2018,2,26,57,Monday
2018-02-27,24.95,2018,2,27,58,Tuesday
2018-02-28,25.96,2018,2,28,59,Wednesday
2018-03-01,26.20,2018,3,1,60,Thursday
2018-03-02,26.79,2018,3,2,61,Friday
2018-03-03,26.45,2018,3,3,62,Saturday
2018-03-04,26.59,2018,3,4,63,Sunday
2018-03-05,26.92,2018,3,5,64,Monday
2018-03-06,26.78,2018,3,6,65,Tuesday
2018-03-07,26.57,2018,3,7,66,Wednesday
2018-03-08,25.05,2018,3,8,67,Thursday
2018-03-09,25.10,2018,3,9,68,Friday
2018-03-10,25.25,2018,3,10,69,Saturday
2018-03-11,25.67,2018,3,11,70,Sunday
2018-03-12,26.92,2018,3,12,71,Monday
2018-03-13,26.34,2018,3,13,72,Tuesday
2018-03-14,26.93,2018,3,14,73,Wednesday
2018-03-15,28.14,2018,3,15,74,Thursday
2018-03-16,28.36,2018,3,16,75,Friday
2018-03-17,26.33,2018,3,17,76,Saturday
2018-03-18,25.82,2018,3,18,77,Sunday
2018-03-19,27.50,2018,3,19,78,Monday
2018-03-20,27.42,2018,3,20,79,Tuesday
2018-03-21,25.65,2018,3,21,80,Wednesday
2018-03-22,24.86,2018,3,22,81,Thursday
2018-03-23,26.09,2018,3,23,82,Friday
2018-03-24,26.86,2018,3,24,83,Saturday
2018-03-25,27.07,2018,3,25,84,Sunday
2018-03-26,27.23,2018,3,26,85,Monday
2018-03-27,26.28,2018,3,27,86,Tuesday
2018-03-28,25.98,2018,3,28,87,Wednesday
2018-03-29,25.49,2018,3,29,88,Thursday
2018-03-30,25.41,2018,3,30,89,Friday
2018-03-31,25.80,2018,3,31,90,Saturday
2018-04-01,26.93,2018,4,1,91,Sunday
2018-04-02,27.45,2018,4,2,92,Monday
2018-04-03,26.67,2018,4,3,93,Tuesday
2018-04-04,25.18,2018,4,4,94,Wednesday
2018-04-05,25.06,2018,4,5,95,Thursday
2018-04-06,25.02,2018,4,6,96,Friday
2018-04-07,25.02,2018,4,7,97,Saturday
2018-04-08,24.80,2018,4,8,98,Sunday
2018-04-09,24.90,2018,4,9,99,Monday
2018-04-10,24.83,2018,4,10,100,Tuesday
2018-04-11,24.65,2018,4,11,101,Wednesday
2018-04-12,25.11,2018,4,12,102,Thursday
2018-04-13,25.80,2018,4,13,103,Friday
2018-04-14,25.17,2018,4,14,104,Saturday
2018-04-15,23.33,2018,4,15,105,Sunday
2018-04-16,22.80,2018,4,16,106,Monday
2018-04-17,22.71,2018,4,17,107,Tuesday
2018-04-18,22.48,2018,4,18,108,Wednesday
2018-04-19,22.45,2018,4,19,109,Thursday
2018-04-20,22.85,2018,4,20,110,Friday
2018-04-21,23.31,2018,4,21,111,Saturday
2018-04-22,23.08,2018,4,22,112,Sunday
2018-04-23,22.89,2018,4,23,113,Monday
2018-04-24,23.73,2018,4,24,114,Tuesday
2018-04-25,23.48,2018,4,25,115,Wednesday
2018-04-26,23.67,2018,4,26,116,Thursday
2018-04-27,23.88,2018,4,27,117,Friday
2018-04-28,24.00,2018,4,28,118,Saturday
2018-04-29,23.29,2018,4,29,119,Sunday
2018-04-30,23.35,2018,4,30,120,Monday
2018-05-01,23.75,2018,5,1,121,Tuesday
2018-05-02,22.95,2018,5,2,122,Wednesday
2018-05-03,23.17,2018,5,3,123,Thursday
2018-05-04,23.55,2018,5,4,124,Friday
2018-05-05,23.72,2018,5,5,125,Saturday
2018-05-06,23.11,2018,5,6,126,Sunday
2018-05-07,22.66,2018,5,7,127,Monday
2018-05-08,22.18,2018,5,8,128,Tuesday
2018-05-09,22.11,2018,5,9,129,Wednesday
2018-05-10,22.32,2018,5,10,130,Thursday
2018-05-11,22.87,2018,5,11,131,Friday
2018-05-12,24.48,2018,5,12,132,Saturday
2018-05-13,22.66,2018,5,13,133,Sunday
2018-05-14,22.52,2018,5,14,134,Monday
2018-05-15,23.34,2018,5,15,135,Tuesday
2018-05-16,24.19,2018,5,16,136,Wednesday
2018-05-17,22.52,2018,5,17,137,Thursday
2018-05-18,23.43,2018,5,18,138,Friday
2018-05-19,25.02,2018,5,19,139,Saturday
2018-05-20,21.29,2018,5,20,140,Sunday
2018-05-21,20.01,2018,5,21,141,Monday
2018-05-22,19.26,2018,5,22,142,Tuesday
2018-05-23,19.89,2018,5,23,143,Wednesday
2018-05-24,20.72,2018,5,24,144,Thursday
2018-05-25,20.38,2018,5,25,145,Friday
2018-05-26,20.91,2018,5,26,146,Saturday
2018-05-27,20.61,2018,5,27,147,Sunday
2018-05-28,20.50,2018,5,28,148,Monday
2018-05-29,21.07,2018,5,29,149,Tuesday
2018-05-30,20.47,2018,5,30,150,Wednesday
2018-05-31,20.80,2018,5,31,151,Thursday
2018-06-01,22.72,2018,6,1,152,Friday
2018-06-02,23.77,2018,6,2,153,Saturday
2018-06-03,21.82,2018,6,3,154,Sunday
2018-06-04,20.09,2018,6,4,155,Monday
2018-06-05,20.09,2018,6,5,156,Tuesday
2018-06-06,21.57,2018,6,6,157,Wednesday
2018-06-07,21.45,2018,6,7,158,Thursday
2018-06-08,21.12,2018,6,8,159,Friday
2018-06-09,20.30,2018,6,9,160,Saturday
2018-06-10,21.75,2018,6,10,161,Sunday
2018-06-11,22.87,2018,6,11,162,Monday
2018-06-12,24.58,2018,6,12,163,Tuesday
2018-06-13,23.04,2018,6,13,164,Wednesday
2018-06-14,21.06,2018,6,14,165,Thursday
2018-06-15,20.10,2018,6,15,166,Friday
2018-06-16,20.53,2018,6,16,167,Saturday
2018-06-17,20.96,2018,6,17,168,Sunday
2018-06-18,20.61,2018,6,18,169,Monday
2018-06-19,20.44,2018,6,19,170,Tuesday
2018-06-20,20.37,2018,6,20,171,Wednesday
2018-06-21,20.96,2018,6,21,172,Thursday
2018-06-22,22.57,2018,6,22,173,Friday
2018-06-23,21.71,2018,6,23,174,Saturday
2018-06-24,23.52,2018,6,24,175,Sunday
2018-06-25,21.39,2018,6,25,176,Monday
2018-06-26,24.20,2018,6,26,177,Tuesday
2018-06-27,21.45,2018,6,27,178,Wednesday
2018-06-28,22.36,2018,6,28,179,Thursday
2018-06-29,22.02,2018,6,29,180,Friday
2018-06-30,22.17,2018,6,30,181,Saturday
2018-07-01,21.30,2018,7,1,182,Sunday
2018-07-02,22.22,2018,7,2,183,Monday
2018-07-03,23.09,2018,7,3,184,Tuesday
2018-07-04,21.14,2018,7,4,185,Wednesday
2018-07-05,22.03,2018,7,5,186,Thursday
2018-07-06,22.02,2018,7,6,187,Friday
2018-07-07,21.15,2018,7,7,188,Saturday
2018-07-08,23.25,2018,7,8,189,Sunday
2018-07-09,22.40,2018,7,9,190,Monday
2018-07-10,19.41,2018,7,10,191,Tuesday
2018-07-11,18.47,2018,7,11,192,Wednesday
2018-07-12,18.34,2018,7,12,193,Thursday
2018-07-13,19.20,2018,7,13,194,Friday
2018-07-14,19.91,2018,7,14,195,Saturday
2018-07-15,21.34,2018,7,15,196,Sunday
2018-07-16,23.00,2018,7,16,197,Monday
2018-07-17,20.85,2018,7,17,198,Tuesday
2018-07-18,21.45,2018,7,18,199,Wednesday
2018-07-19,22.16,2018,7,19,200,Thursday
2018-07-20,21.66,2018,7,20,201,Friday
2018-07-21,22.87,2018,7,21,202,Saturday
2018-07-22,21.85,2018,7,22,203,Sunday
2018-07-23,21.63,2018,7,23,204,Monday
2018-07-24,21.27,2018,7,24,205,Tuesday
2018-07-25,21.14,2018,7,25,206,Wednesday
2018-07-26,20.91,2018,7,26,207,Thursday
2018-07-27,21.15,2018,7,27,208,Friday
2018-07-28,21.75,2018,7,28,209,Saturday
2018-07-29,23.17,2018,7,29,210,Sunday
2018-07-30,22.74,2018,7,30,211,Monday
2018-07-31,21.14,2018,7,31,212,Tuesday
2018-08-01,20.17,2018,8,1,213,Wednesday
2018-08-02,20.04,2018,8,2,214,Thursday
2018-08-03,20.42,2018,8,3,215,Friday
2018-08-04,20.70,2018,8,4,216,Saturday
2018-08-05,21.06,2018,8,5,217,Sunday
2018-08-06,19.54,2018,8,6,218,Monday
2018-08-07,19.47,2018,8,7,219,Tuesday
2018-08-08,20.01,2018,8,8,220,Wednesday
2018-08-09,21.72,2018,8,9,221,Thursday
2018-08-10,19.88,2018,8,10,222,Friday
2018-08-11,18.97,2018,8,11,223,Saturday
2018-08-12,19.65,2018,8,12,224,Sunday
2018-08-13,19.37,2018,8,13,225,Monday
2018-08-14,19.68,2018,8,14,226,Tuesday
2018-08-15,19.69,2018,8,15,227,Wednesday
2018-08-16,20.04,2018,8,16,228,Thursday
2018-08-17,19.69,2018,8,17,229,Friday
2018-08-18,19.60,2018,8,18,230,Saturday
2018-08-19,19.76,2018,8,19,231,Sunday
2018-08-20,20.52,2018,8,20,232,Monday
2018-08-21,20.72,2018,8,21,233,Tuesday
2018-08-22,20.62,2018,8,22,234,Wednesday
2018-08-23,22.25,2018,8,23,235,Thursday
2018-08-24,23.58,2018,8,24,236,Friday
2018-08-25,23.46,2018,8,25,237,Saturday
2018-08-26,19.66,2018,8,26,238,Sunday
2018-08-27,18.94,2018,8,27,239,Monday
2018-08-28,19.83,2018,8,28,240,Tuesday
2018-08-29,20.10,2018,8,29,241,Wednesday
2018-08-30,21.95,2018,8,30,242,Thursday
2018-08-31,23.71,2018,8,31,243,Friday
2018-09-01,22.87,2018,9,1,244,Saturday
2018-09-02,22.53,2018,9,2,245,Sunday
2018-09-03,21.49,2018,9,3,246,Monday
2018-09-04,20.61,2018,9,4,247,Tuesday
2018-09-05,19.44,2018,9,5,248,Wednesday
2018-09-06,19.46,2018,9,6,249,Thursday
2018-09-07,20.10,2018,9,7,250,Friday
2018-09-08,19.63,2018,9,8,251,Saturday
2018-09-09,20.20,2018,9,9,252,Sunday
2018-09-10,20.68,2018,9,10,253,Monday
2018-09-11,20.60,2018,9,11,254,Tuesday
2018-09-12,20.63,2018,9,12,255,Wednesday
2018-09-13,21.17,2018,9,13,256,Thursday
2018-09-14,21.22,2018,9,14,257,Friday
2018-09-15,21.76,2018,9,15,258,Saturday
2018-09-16,20.99,2018,9,16,259,Sunday
2018-09-17,20.58,2018,9,17,260,Monday
2018-09-18,24.21,2018,9,18,261,Tuesday
2018-09-19,25.38,2018,9,19,262,Wednesday
2018-09-20,25.35,2018,9,20,263,Thursday
2018-09-21,23.43,2018,9,21,264,Friday
2018-09-22,22.79,2018,9,22,265,Saturday
2018-09-23,23.00,2018,9,23,266,Sunday
2018-09-24,23.39,2018,9,24,267,Monday
2018-09-25,23.22,2018,9,25,268,Tuesday
2018-09-26,24.65,2018,9,26,269,Wednesday
2018-09-27,24.48,2018,9,27,270,Thursday
2018-09-28,23.61,2018,9,28,271,Friday
2018-09-29,23.37,2018,9,29,272,Saturday
2018-09-30,24.44,2018,9,30,273,Sunday
2018-10-01,24.68,2018,10,1,274,Monday
2018-10-02,25.61,2018,10,2,275,Tuesday
2018-10-03,25.47,2018,10,3,276,Wednesday
2018-10-04,24.50,2018,10,4,277,Thursday
2018-10-05,21.60,2018,10,5,278,Friday
2018-10-06,20.89,2018,10,6,279,Saturday
2018-10-07,21.71,2018,10,7,280,Sunday
2018-10-08,22.78,2018,10,8,281,Monday
2018-10-09,23.49,2018,10,9,282,Tuesday
2018-10-10,25.00,2018,10,10,283,Wednesday
2018-10-11,23.16,2018,10,11,284,Thursday
2018-10-12,23.20,2018,10,12,285,Friday
2018-10-13,26.73,2018,10,13,286,Saturday
2018-10-14,23.24,2018,10,14,287,Sunday
2018-10-15,21.77,2018,10,15,288,Monday
2018-10-16,22.32,2018,10,16,289,Tuesday
2018-10-17,24.02,2018,10,17,290,Wednesday
2018-10-18,24.40,2018,10,18,291,Thursday
2018-10-19,23.48,2018,10,19,292,Friday
2018-10-20,21.50,2018,10,20,293,Saturday
2018-10-21,20.18,2018,10,21,294,Sunday
2018-10-22,21.57,2018,10,22,295,Monday
2018-10-23,23.00,2018,10,23,296,Tuesday
2018-10-24,22.81,2018,10,24,297,Wednesday
2018-10-25,22.42,2018,10,25,298,Thursday
2018-10-26,22.75,2018,10,26,299,Friday
2018-10-27,24.75,2018,10,27,300,Saturday
2018-10-28,22.22,2018,10,28,301,Sunday
2018-10-29,21.37,2018,10,29,302,Monday
2018-10-30,21.91,2018,10,30,303,Tuesday
2018-10-31,23.92,2018,10,31,304,Wednesday
2018-11-01,24.57,2018,11,1,305,Thursday
2018-11-02,23.19,2018,11,2,306,Friday
2018-11-03,25.78,2018,11,3,307,Saturday
2018-11-04,23.52,2018,11,4,308,Sunday
2018-11-05,22.17,2018,11,5,309,Monday
2018-11-06,22.34,2018,11,6,310,Tuesday
2018-11-07,22.93,2018,11,7,311,Wednesday
2018-11-08,21.40,2018,11,8,312,Thursday
2018-11-09,21.27,2018,11,9,313,Friday
2018-11-10,22.87,2018,11,10,314,Saturday
2018-11-11,24.47,2018,11,11,315,Sunday
2018-11-12,24.38,2018,11,12,316,Monday
2018-11-13,24.95,2018,11,13,317,Tuesday
2018-11-14,27.06,2018,11,14,318,Wednesday
2018-11-15,27.40,2018,11,15,319,Thursday
2018-11-16,23.62,2018,11,16,320,Friday
2018-11-17,23.26,2018,11,17,321,Saturday
2018-11-18,27.36,2018,11,18,322,Sunday
2018-11-19,22.93,2018,11,19,323,Monday
2018-11-20,20.61,2018,11,20,324,Tuesday
2018-11-21,21.90,2018,11,21,325,Wednesday
2018-11-22,24.88,2018,11,22,326,Thursday
2018-11-23,26.63,2018,11,23,327,Friday
2018-11-24,26.53,2018,11,24,328,Saturday
2018-11-25,25.32,2018,11,25,329,Sunday
2018-11-26,23.03,2018,11,26,330,Monday
2018-11-27,23.01,2018,11,27,331,Tuesday
2018-11-28,23.47,2018,11,28,332,Wednesday
2018-11-29,24.39,2018,11,29,333,Thursday
2018-11-30,26.72,2018,11,30,334,Friday
2018-12-01,25.05,2018,12,1,335,Saturday
2018-12-02,24.50,2018,12,2,336,Sunday
2018-12-03,23.59,2018,12,3,337,Monday
2018-12-04,24.19,2018,12,4,338,Tuesday
2018-12-05,26.15,2018,12,5,339,Wednesday
2018-12-06,24.14,2018,12,6,340,Thursday
2018-12-07,22.31,2018,12,7,341,Friday
2018-12-08,21.15,2018,12,8,342,Saturday
2018-12-09,21.68,2018,12,9,343,Sunday
2018-12-10,23.96,2018,12,10,344,Monday
2018-12-11,25.39,2018,12,11,345,Tuesday
2018-12-12,26.50,2018,12,12,346,Wednesday
2018-12-13,27.09,2018,12,13,347,Thursday
2018-12-14,26.75,2018,12,14,348,Friday
2018-12-15,27.57,2018,12,15,349,Saturday
2018-12-16,26.57,2018,12,16,350,Sunday
2018-12-17,27.43,2018,12,17,351,Monday
2018-12-18,28.08,2018,12,18,352,Tuesday
2018-12-19,26.85,2018,12,19,353,Wednesday
2018-12-20,26.71,2018,12,20,354,Thursday
2018-12-21,27.69,2018,12,21,355,Friday
2018-12-22,28.22,2018,12,22,356,Saturday
2018-12-23,27.33,2018,12,23,357,Sunday
2018-12-24,25.42,2018,12,24,358,Monday
2018-12-25,24.38,2018,12,25,359,Tuesday
2018-12-26,24.57,2018,12,26,360,Wednesday
2018-12-27,24.62,2018,12,27,361,Thursday
2018-12-28,25.35,2018,12,28,362,Friday
2018-12-29,25.82,2018,12,29,363,Saturday
2018-12-30,26.14,2018,12,30,364,Sunday
2018-12-31,26.16,2018,12,31,365,Monday
2019-01-01,27.09,2019,1,1,1,Tuesday
2019-01-02,27.69,2019,1,2,2,Wednesday
2019-01-03,30.11,2019,1,3,3,Thursday
2019-01-04,29.84,2019,1,4,4,Friday
2019-01-05,26.72,2019,1,5,5,Saturday
2019-01-06,27.31,2019,1,6,6,Sunday
2019-01-07,29.12,2019,1,7,7,Monday
2019-01-08,29.48,2019,1,8,8,Tuesday
2019-01-09,28.25,2019,1,9,9,Wednesday
2019-01-10,27.91,2019,1,10,10,Thursday
2019-01-11,27.56,2019,1,11,11,Friday
2019-01-12,26.85,2019,1,12,12,Saturday
2019-01-13,27.14,2019,1,13,13,Sunday
2019-01-14,27.65,2019,1,14,14,Monday
2019-01-15,28.18,2019,1,15,15,Tuesday
2019-01-16,28.53,2019,1,16,16,Wednesday
2019-01-17,28.45,2019,1,17,17,Thursday
2019-01-18,27.66,2019,1,18,18,Friday
2019-01-19,29.19,2019,1,19,19,Saturday
2019-01-20,28.95,2019,1,20,20,Sunday
2019-01-21,29.45,2019,1,21,21,Monday
2019-01-22,28.68,2019,1,22,22,Tuesday
2019-01-23,28.10,2019,1,23,23,Wednesday
2019-01-24,28.59,2019,1,24,24,Thursday
2019-01-25,26.48,2019,1,25,25,Friday
2019-01-26,26.82,2019,1,26,26,Saturday
2019-01-27,28.03,2019,1,27,27,Sunday
2019-01-28,28.34,2019,1,28,28,Monday
2019-01-29,28.84,2019,1,29,29,Tuesday
2019-01-30,28.69,2019,1,30,30,Wednesday
2019-01-31,27.86,2019,1,31,31,Thursday
2019-02-01,28.09,2019,2,1,32,Friday
2019-02-02,27.98,2019,2,2,33,Saturday
2019-02-03,27.90,2019,2,3,34,Sunday
2019-02-04,25.31,2019,2,4,35,Monday
2019-02-05,24.39,2019,2,5,36,Tuesday
2019-02-06,24.22,2019,2,6,37,Wednesday
2019-02-07,24.25,2019,2,7,38,Thursday
2019-02-08,25.15,2019,2,8,39,Friday
2019-02-09,25.77,2019,2,9,40,Saturday
2019-02-10,27.00,2019,2,10,41,Sunday
2019-02-11,29.61,2019,2,11,42,Monday
2019-02-12,28.28,2019,2,12,43,Tuesday
2019-02-13,24.90,2019,2,13,44,Wednesday
2019-02-14,24.50,2019,2,14,45,Thursday
2019-02-15,24.89,2019,2,15,46,Friday
2019-02-16,25.52,2019,2,16,47,Saturday
2019-02-17,26.68,2019,2,17,48,Sunday
2019-02-18,26.00,2019,2,18,49,Monday
2019-02-19,27.29,2019,2,19,50,Tuesday
2019-02-20,28.13,2019,2,20,51,Wednesday
2019-02-21,26.34,2019,2,21,52,Thursday
2019-02-22,26.92,2019,2,22,53,Friday
2019-02-23,28.28,2019,2,23,54,Saturday
2019-02-24,29.75,2019,2,24,55,Sunday
2019-02-25,29.50,2019,2,25,56,Monday
2019-02-26,27.15,2019,2,26,57,Tuesday
2019-02-27,26.80,2019,2,27,58,Wednesday
2019-02-28,26.47,2019,2,28,59,Thursday
2019-03-01,26.57,2019,3,1,60,Friday
2019-03-02,25.68,2019,3,2,61,Saturday
2019-03-03,25.99,2019,3,3,62,Sunday
2019-03-04,25.65,2019,3,4,63,Monday
2019-03-05,27.00,2019,3,5,64,Tuesday
2019-03-06,27.44,2019,3,6,65,Wednesday
2019-03-07,28.12,2019,3,7,66,Thursday
2019-03-08,28.23,2019,3,8,67,Friday
2019-03-09,27.89,2019,3,9,68,Saturday
2019-03-10,26.82,2019,3,10,69,Sunday
2019-03-11,25.79,2019,3,11,70,Monday
2019-03-12,26.22,2019,3,12,71,Tuesday
2019-03-13,28.11,2019,3,13,72,Wednesday
2019-03-14,28.28,2019,3,14,73,Thursday
2019-03-15,27.44,2019,3,15,74,Friday
2019-03-16,26.46,2019,3,16,75,Saturday
2019-03-17,26.96,2019,3,17,76,Sunday
2019-03-18,27.55,2019,3,18,77,Monday
2019-03-19,28.81,2019,3,19,78,Tuesday
2019-03-20,26.56,2019,3,20,79,Wednesday
2019-03-21,24.97,2019,3,21,80,Thursday
2019-03-22,25.12,2019,3,22,81,Friday
2019-03-23,24.64,2019,3,23,82,Saturday
2019-03-24,25.65,2019,3,24,83,Sunday
2019-03-25,25.72,2019,3,25,84,Monday
2019-03-26,25.66,2019,3,26,85,Tuesday
2019-03-27,25.51,2019,3,27,86,Wednesday
2019-03-28,24.49,2019,3,28,87,Thursday
2019-03-29,23.82,2019,3,29,88,Friday
2019-03-30,23.81,2019,3,30,89,Saturday
2019-03-31,24.36,2019,3,31,90,Sunday
2019-04-01,24.32,2019,4,1,91,Monday
2019-04-02,24.12,2019,4,2,92,Tuesday
2019-04-03,24.94,2019,4,3,93,Wednesday
2019-04-04,25.67,2019,4,4,94,Thursday
2019-04-05,27.97,2019,4,5,95,Friday
2019-04-06,27.82,2019,4,6,96,Saturday
2019-04-07,26.92,2019,4,7,97,Sunday
2019-04-08,26.27,2019,4,8,98,Monday
2019-04-09,24.34,2019,4,9,99,Tuesday
2019-04-10,24.75,2019,4,10,100,Wednesday
2019-04-11,24.81,2019,4,11,101,Thursday
2019-04-12,25.05,2019,4,12,102,Friday
2019-04-13,25.69,2019,4,13,103,Saturday
2019-04-14,24.78,2019,4,14,104,Sunday
2019-04-15,25.24,2019,4,15,105,Monday
2019-04-16,25.55,2019,4,16,106,Tuesday
2019-04-17,25.20,2019,4,17,107,Wednesday
2019-04-18,24.72,2019,4,18,108,Thursday
2019-04-19,24.50,2019,4,19,109,Friday
2019-04-20,24.59,2019,4,20,110,Saturday
2019-04-21,25.50,2019,4,21,111,Sunday
2019-04-22,25.06,2019,4,22,112,Monday
2019-04-23,25.43,2019,4,23,113,Tuesday
2019-04-24,25.65,2019,4,24,114,Wednesday
2019-04-25,25.75,2019,4,25,115,Thursday
2019-04-26,25.29,2019,4,26,116,Friday
2019-04-27,26.07,2019,4,27,117,Saturday
2019-04-28,28.00,2019,4,28,118,Sunday
2019-04-29,24.45,2019,4,29,119,Monday
2019-04-30,24.06,2019,4,30,120,Tuesday
2019-05-01,24.49,2019,5,1,121,Wednesday
2019-05-02,25.20,2019,5,2,122,Thursday
2019-05-03,25.74,2019,5,3,123,Friday
2019-05-04,26.24,2019,5,4,124,Saturday
2019-05-05,25.47,2019,5,5,125,Sunday
2019-05-06,26.23,2019,5,6,126,Monday
2019-05-07,25.00,2019,5,7,127,Tuesday
2019-05-08,23.88,2019,5,8,128,Wednesday
2019-05-09,23.41,2019,5,9,129,Thursday
2019-05-10,24.06,2019,5,10,130,Friday
2019-05-11,24.97,2019,5,11,131,Saturday
2019-05-12,25.75,2019,5,12,132,Sunday
2019-05-13,25.58,2019,5,13,133,Monday
2019-05-14,25.28,2019,5,14,134,Tuesday
2019-05-15,23.14,2019,5,15,135,Wednesday
2019-05-16,22.27,2019,5,16,136,Thursday
2019-05-17,21.60,2019,5,17,137,Friday
2019-05-18,21.97,2019,5,18,138,Saturday
2019-05-19,22.84,2019,5,19,139,Sunday
2019-05-20,23.38,2019,5,20,140,Monday
2019-05-21,23.18,2019,5,21,141,Tuesday
2019-05-22,23.39,2019,5,22,142,Wednesday
2019-05-23,23.42,2019,5,23,143,Thursday
2019-05-24,23.26,2019,5,24,144,Friday
2019-05-25,23.24,2019,5,25,145,Saturday
2019-05-26,22.37,2019,5,26,146,Sunday
2019-05-27,21.57,2019,5,27,147,Monday
2019-05-28,23.84,2019,5,28,148,Tuesday
2019-05-29,23.40,2019,5,29,149,Wednesday
2019-05-30,23.75,2019,5,30,150,Thursday
2019-05-31,25.17,2019,5,31,151,Friday
2019-06-01,23.75,2019,6,1,152,Saturday
2019-06-02,23.25,2019,6,2,153,Sunday
2019-06-03,22.95,2019,6,3,154,Monday
2019-06-04,21.31,2019,6,4,155,Tuesday
2019-06-05,20.20,2019,6,5,156,Wednesday
2019-06-06,20.96,2019,6,6,157,Thursday
2019-06-07,21.25,2019,6,7,158,Friday
2019-06-08,21.68,2019,6,8,159,Saturday
2019-06-09,21.36,2019,6,9,160,Sunday
2019-06-10,21.50,2019,6,10,161,Monday
2019-06-11,22.05,2019,6,11,162,Tuesday
2019-06-12,22.28,2019,6,12,163,Wednesday
2019-06-13,23.43,2019,6,13,164,Thursday
2019-06-14,23.54,2019,6,14,165,Friday
2019-06-15,23.39,2019,6,15,166,Saturday
2019-06-16,22.20,2019,6,16,167,Sunday
2019-06-17,22.11,2019,6,17,168,Monday
2019-06-18,21.97,2019,6,18,169,Tuesday
2019-06-19,23.00,2019,6,19,170,Wednesday
2019-06-20,23.39,2019,6,20,171,Thursday
2019-06-21,22.18,2019,6,21,172,Friday
2019-06-22,21.89,2019,6,22,173,Saturday
2019-06-23,21.78,2019,6,23,174,Sunday
2019-06-24,22.44,2019,6,24,175,Monday
2019-06-25,22.95,2019,6,25,176,Tuesday
2019-06-26,25.34,2019,6,26,177,Wednesday
2019-06-27,23.38,2019,6,27,178,Thursday
2019-06-28,23.68,2019,6,28,179,Friday
2019-06-29,23.74,2019,6,29,180,Saturday
2019-06-30,24.88,2019,6,30,181,Sunday
2019-07-01,25.26,2019,7,1,182,Monday
2019-07-02,23.09,2019,7,2,183,Tuesday
2019-07-03,26.62,2019,7,3,184,Wednesday
2019-07-04,23.03,2019,7,4,185,Thursday
2019-07-05,20.41,2019,7,5,186,Friday
2019-07-06,18.64,2019,7,6,187,Saturday
2019-07-07,18.49,2019,7,7,188,Sunday
2019-07-08,18.41,2019,7,8,189,Monday
2019-07-09,18.98,2019,7,9,190,Tuesday
2019-07-10,19.38,2019,7,10,191,Wednesday
2019-07-11,19.75,2019,7,11,192,Thursday
2019-07-12,20.55,2019,7,12,193,Friday
2019-07-13,20.80,2019,7,13,194,Saturday
2019-07-14,21.94,2019,7,14,195,Sunday
2019-07-15,21.50,2019,7,15,196,Monday
2019-07-16,20.68,2019,7,16,197,Tuesday
2019-07-17,18.81,2019,7,17,198,Wednesday
2019-07-18,19.02,2019,7,18,199,Thursday
2019-07-19,19.95,2019,7,19,200,Friday
2019-07-20,20.39,2019,7,20,201,Saturday
2019-07-21,21.01,2019,7,21,202,Sunday
2019-07-22,22.00,2019,7,22,203,Monday
2019-07-23,21.69,2019,7,23,204,Tuesday
2019-07-24,21.80,2019,7,24,205,Wednesday
2019-07-25,20.93,2019,7,25,206,Thursday
2019-07-26,21.64,2019,7,26,207,Friday
2019-07-27,21.70,2019,7,27,208,Saturday
2019-07-28,21.43,2019,7,28,209,Sunday
2019-07-29,20.65,2019,7,29,210,Monday
2019-07-30,21.11,2019,7,30,211,Tuesday
2019-07-31,21.82,2019,7,31,212,Wednesday
2019-08-01,21.19,2019,8,1,213,Thursday
2019-08-02,24.55,2019,8,2,214,Friday
2019-08-03,19.65,2019,8,3,215,Saturday
2019-08-04,17.86,2019,8,4,216,Sunday
2019-08-05,18.74,2019,8,5,217,Monday
2019-08-06,20.26,2019,8,6,218,Tuesday
2019-08-07,20.96,2019,8,7,219,Wednesday
2019-08-08,21.11,2019,8,8,220,Thursday
2019-08-09,21.27,2019,8,9,221,Friday
2019-08-10,23.99,2019,8,10,222,Saturday
2019-08-11,23.04,2019,8,11,223,Sunday
2019-08-12,22.03,2019,8,12,224,Monday
2019-08-13,22.68,2019,8,13,225,Tuesday
2019-08-14,19.05,2019,8,14,226,Wednesday
2019-08-15,18.69,2019,8,15,227,Thursday
2019-08-16,18.94,2019,8,16,228,Friday
2019-08-17,19.53,2019,8,17,229,Saturday
2019-08-18,23.65,2019,8,18,230,Sunday
2019-08-19,21.59,2019,8,19,231,Monday
2019-08-20,20.77,2019,8,20,232,Tuesday
2019-08-21,19.49,2019,8,21,233,Wednesday
2019-08-22,19.51,2019,8,22,234,Thursday
2019-08-23,18.99,2019,8,23,235,Friday
2019-08-24,18.97,2019,8,24,236,Saturday
2019-08-25,19.31,2019,8,25,237,Sunday
2019-08-26,19.86,2019,8,26,238,Monday
2019-08-27,19.74,2019,8,27,239,Tuesday
2019-08-28,20.10,2019,8,28,240,Wednesday
2019-08-29,20.42,2019,8,29,241,Thursday
2019-08-30,21.09,2019,8,30,242,Friday
2019-08-31,24.66,2019,8,31,243,Saturday
2019-09-01,22.50,2019,9,1,244,Sunday
2019-09-02,21.18,2019,9,2,245,Monday
2019-09-03,21.54,2019,9,3,246,Tuesday
2019-09-04,20.99,2019,9,4,247,Wednesday
2019-09-05,19.78,2019,9,5,248,Thursday
2019-09-06,19.17,2019,9,6,249,Friday
2019-09-07,21.13,2019,9,7,250,Saturday
2019-09-08,21.83,2019,9,8,251,Sunday
2019-09-09,22.95,2019,9,9,252,Monday
2019-09-10,23.62,2019,9,10,253,Tuesday
2019-09-11,22.21,2019,9,11,254,Wednesday
2019-09-12,24.76,2019,9,12,255,Thursday
2019-09-13,22.45,2019,9,13,256,Friday
2019-09-14,21.73,2019,9,14,257,Saturday
2019-09-15,22.54,2019,9,15,258,Sunday
2019-09-16,23.33,2019,9,16,259,Monday
2019-09-17,24.71,2019,9,17,260,Tuesday
2019-09-18,25.55,2019,9,18,261,Wednesday
2019-09-19,22.50,2019,9,19,262,Thursday
2019-09-20,23.11,2019,9,20,263,Friday
2019-09-21,22.80,2019,9,21,264,Saturday
2019-09-22,21.62,2019,9,22,265,Sunday
2019-09-23,20.16,2019,9,23,266,Monday
2019-09-24,20.40,2019,9,24,267,Tuesday
2019-09-25,19.78,2019,9,25,268,Wednesday
2019-09-26,19.86,2019,9,26,269,Thursday
2019-09-27,21.18,2019,9,27,270,Friday
2019-09-28,20.26,2019,9,28,271,Saturday
2019-09-29,20.19,2019,9,29,272,Sunday
2019-09-30,20.62,2019,9,30,273,Monday
2019-10-01,21.42,2019,10,1,274,Tuesday
2019-10-02,21.53,2019,10,2,275,Wednesday
2019-10-03,20.91,2019,10,3,276,Thursday
2019-10-04,22.49,2019,10,4,277,Friday
2019-10-05,24.55,2019,10,5,278,Saturday
2019-10-06,22.84,2019,10,6,279,Sunday
2019-10-07,22.55,2019,10,7,280,Monday
2019-10-08,22.73,2019,10,8,281,Tuesday
2019-10-09,21.63,2019,10,9,282,Wednesday
2019-10-10,21.49,2019,10,10,283,Thursday
2019-10-11,23.69,2019,10,11,284,Friday
2019-10-12,24.27,2019,10,12,285,Saturday
2019-10-13,25.07,2019,10,13,286,Sunday
2019-10-14,24.14,2019,10,14,287,Monday
2019-10-15,23.62,2019,10,15,288,Tuesday
2019-10-16,23.36,2019,10,16,289,Wednesday
2019-10-17,23.92,2019,10,17,290,Thursday
2019-10-18,23.87,2019,10,18,291,Friday
2019-10-19,23.97,2019,10,19,292,Saturday
2019-10-20,21.82,2019,10,20,293,Sunday
2019-10-21,21.35,2019,10,21,294,Monday
2019-10-22,21.95,2019,10,22,295,Tuesday
2019-10-23,22.53,2019,10,23,296,Wednesday
2019-10-24,22.75,2019,10,24,297,Thursday
2019-10-25,23.46,2019,10,25,298,Friday
2019-10-26,23.90,2019,10,26,299,Saturday
2019-10-27,25.37,2019,10,27,300,Sunday
2019-10-28,25.93,2019,10,28,301,Monday
2019-10-29,27.44,2019,10,29,302,Tuesday
2019-10-30,26.32,2019,10,30,303,Wednesday
2019-10-31,25.47,2019,10,31,304,Thursday
2019-11-01,24.75,2019,11,1,305,Friday
2019-11-02,24.46,2019,11,2,306,Saturday
2019-11-03,25.78,2019,11,3,307,Sunday
2019-11-04,24.44,2019,11,4,308,Monday
2019-11-05,27.18,2019,11,5,309,Tuesday
2019-11-06,23.96,2019,11,6,310,Wednesday
2019-11-07,23.10,2019,11,7,311,Thursday
2019-11-08,23.70,2019,11,8,312,Friday
2019-11-09,24.20,2019,11,9,313,Saturday
2019-11-10,24.65,2019,11,10,314,Sunday
2019-11-11,23.07,2019,11,11,315,Monday
2019-11-12,22.22,2019,11,12,316,Tuesday
2019-11-13,23.22,2019,11,13,317,Wednesday
2019-11-14,23.19,2019,11,14,318,Thursday
2019-11-15,23.30,2019,11,15,319,Friday
2019-11-16,21.98,2019,11,16,320,Saturday
2019-11-17,22.23,2019,11,17,321,Sunday
2019-11-18,22.44,2019,11,18,322,Monday
2019-11-19,22.63,2019,11,19,323,Tuesday
2019-11-20,22.63,2019,11,20,324,Wednesday
2019-11-21,23.83,2019,11,21,325,Thursday
2019-11-22,25.11,2019,11,22,326,Friday
2019-11-23,25.70,2019,11,23,327,Saturday
2019-11-24,21.85,2019,11,24,328,Sunday
2019-11-25,21.43,2019,11,25,329,Monday
2019-11-26,22.05,2019,11,26,330,Tuesday
2019-11-27,23.97,2019,11,27,331,Wednesday
2019-11-28,22.65,2019,11,28,332,Thursday
2019-11-29,21.93,2019,11,29,333,Friday
2019-11-30,22.50,2019,11,30,334,Saturday
2019-12-01,24.22,2019,12,1,335,Sunday
2019-12-02,22.89,2019,12,2,336,Monday
2019-12-03,22.30,2019,12,3,337,Tuesday
2019-12-04,24.07,2019,12,4,338,Wednesday
2019-12-05,26.91,2019,12,5,339,Thursday
2019-12-06,22.53,2019,12,6,340,Friday
2019-12-07,22.38,2019,12,7,341,Saturday
2019-12-08,22.34,2019,12,8,342,Sunday
2019-12-09,23.70,2019,12,9,343,Monday
2019-12-10,23.71,2019,12,10,344,Tuesday
2019-12-11,23.64,2019,12,11,345,Wednesday
2019-12-12,23.91,2019,12,12,346,Thursday
2019-12-13,25.78,2019,12,13,347,Friday
2019-12-14,24.18,2019,12,14,348,Saturday
2019-12-15,26.40,2019,12,15,349,Sunday
2019-12-16,27.45,2019,12,16,350,Monday
2019-12-17,25.93,2019,12,17,351,Tuesday
2019-12-18,25.48,2019,12,18,352,Wednesday
2019-12-19,24.63,2019,12,19,353,Thursday
2019-12-20,24.08,2019,12,20,354,Friday
2019-12-21,28.04,2019,12,21,355,Saturday
2019-12-22,28.31,2019,12,22,356,Sunday
2019-12-23,24.83,2019,12,23,357,Monday
2019-12-24,24.12,2019,12,24,358,Tuesday
2019-12-25,24.50,2019,12,25,359,Wednesday
2019-12-26,25.12,2019,12,26,360,Thursday
2019-12-27,25.49,2019,12,27,361,Friday
2019-12-28,25.44,2019,12,28,362,Saturday
2019-12-29,25.01,2019,12,29,363,Sunday
2019-12-30,24.62,2019,12,30,364,Monday
2019-12-31,26.10,2019,12,31,365,Tuesday
2020-01-01,27.85,2020,1,1,1,Wednesday
2020-01-02,26.53,2020,1,2,2,Thursday
2020-01-03,24.97,2020,1,3,3,Friday
2020-01-04,24.64,2020,1,4,4,Saturday
2020-01-05,24.79,2020,1,5,5,Sunday
2020-01-06,26.73,2020,1,6,6,Monday
2020-01-07,27.95,2020,1,7,7,Tuesday
2020-01-08,27.51,2020,1,8,8,Wednesday
2020-01-09,27.26,2020,1,9,9,Thursday
2020-01-10,27.65,2020,1,10,10,Friday
2020-01-11,29.63,2020,1,11,11,Saturday
2020-01-12,27.78,2020,1,12,12,Sunday
2020-01-13,25.33,2020,1,13,13,Monday
2020-01-14,25.57,2020,1,14,14,Tuesday
2020-01-15,26.07,2020,1,15,15,Wednesday
2020-01-16,28.70,2020,1,16,16,Thursday
2020-01-17,25.06,2020,1,17,17,Friday
2020-01-18,24.22,2020,1,18,18,Saturday
2020-01-19,24.64,2020,1,19,19,Sunday
2020-01-20,24.58,2020,1,20,20,Monday
2020-01-21,24.07,2020,1,21,21,Tuesday
2020-01-22,24.80,2020,1,22,22,Wednesday
2020-01-23,23.83,2020,1,23,23,Thursday
2020-01-24,23.94,2020,1,24,24,Friday
2020-01-25,24.38,2020,1,25,25,Saturday
2020-01-26,24.60,2020,1,26,26,Sunday
2020-01-27,26.18,2020,1,27,27,Monday
2020-01-28,26.90,2020,1,28,28,Tuesday
2020-01-29,27.36,2020,1,29,29,Wednesday
2020-01-30,29.00,2020,1,30,30,Thursday
2020-01-31,28.79,2020,1,31,31,Friday
2020-02-01,27.97,2020,2,1,32,Saturday
2020-02-02,26.41,2020,2,2,33,Sunday
2020-02-03,26.05,2020,2,3,34,Monday
2020-02-04,25.85,2020,2,4,35,Tuesday
2020-02-05,25.68,2020,2,5,36,Wednesday
2020-02-06,26.22,2020,2,6,37,Thursday
2020-02-07,25.82,2020,2,7,38,Friday
2020-02-08,25.87,2020,2,8,39,Saturday
2020-02-09,28.74,2020,2,9,40,Sunday
2020-02-10,25.49,2020,2,10,41,Monday
2020-02-11,23.07,2020,2,11,42,Tuesday
2020-02-12,23.12,2020,2,12,43,Wednesday
2020-02-13,23.62,2020,2,13,44,Thursday
2020-02-14,24.42,2020,2,14,45,Friday
2020-02-15,25.44,2020,2,15,46,Saturday
2020-02-16,26.35,2020,2,16,47,Sunday
2020-02-17,27.12,2020,2,17,48,Monday
2020-02-18,28.35,2020,2,18,49,Tuesday
2020-02-19,28.56,2020,2,19,50,Wednesday
2020-02-20,28.06,2020,2,20,51,Thursday
2020-02-21,26.36,2020,2,21,52,Friday
2020-02-22,24.09,2020,2,22,53,Saturday
2020-02-23,24.08,2020,2,23,54,Sunday
2020-02-24,24.43,2020,2,24,55,Monday
2020-02-25,25.57,2020,2,25,56,Tuesday
2020-02-26,27.23,2020,2,26,57,Wednesday
2020-02-27,24.15,2020,2,27,58,Thursday
2020-02-28,22.78,2020,2,28,59,Friday
2020-02-29,23.85,2020,2,29,60,Saturday
2020-03-01,23.57,2020,3,1,61,Sunday
2020-03-02,22.51,2020,3,2,62,Monday
2020-03-03,24.01,2020,3,3,63,Tuesday
2020-03-04,24.03,2020,3,4,64,Wednesday
2020-03-05,23.77,2020,3,5,65,Thursday
2020-03-06,23.40,2020,3,6,66,Friday
2020-03-07,23.40,2020,3,7,67,Saturday
2020-03-08,24.02,2020,3,8,68,Sunday
2020-03-09,24.55,2020,3,9,69,Monday
2020-03-10,24.55,2020,3,10,70,Tuesday
2020-03-11,24.35,2020,3,11,71,Wednesday
2020-03-12,24.29,2020,3,12,72,Thursday
2020-03-13,24.93,2020,3,13,73,Friday
2020-03-14,25.43,2020,3,14,74,Saturday
2020-03-15,26.20,2020,3,15,75,Sunday
2020-03-16,27.27,2020,3,16,76,Monday
2020-03-17,25.75,2020,3,17,77,Tuesday
2020-03-18,25.09,2020,3,18,78,Wednesday
2020-03-19,26.51,2020,3,19,79,Thursday
2020-03-20,26.97,2020,3,20,80,Friday
2020-03-21,24.32,2020,3,21,81,Saturday
2020-03-22,23.68,2020,3,22,82,Sunday
2020-03-23,23.57,2020,3,23,83,Monday
2020-03-24,22.86,2020,3,24,84,Tuesday
2020-03-25,22.81,2020,3,25,85,Wednesday
2020-03-26,23.07,2020,3,26,86,Thursday
2020-03-27,23.83,2020,3,27,87,Friday
2020-03-28,24.38,2020,3,28,88,Saturday
2020-03-29,24.90,2020,3,29,89,Sunday
2020-03-30,24.44,2020,3,30,90,Monday
2020-03-31,24.52,2020,3,31,91,Tuesday
2020-04-01,24.63,2020,4,1,92,Wednesday
2020-04-02,25.82,2020,4,2,93,Thursday
2020-04-03,27.25,2020,4,3,94,Friday
2020-04-04,24.03,2020,4,4,95,Saturday
2020-04-05,23.67,2020,4,5,96,Sunday
2020-04-06,24.78,2020,4,6,97,Monday
2020-04-07,24.47,2020,4,7,98,Tuesday
2020-04-08,22.46,2020,4,8,99,Wednesday
2020-04-09,22.63,2020,4,9,100,Thursday
2020-04-10,22.39,2020,4,10,101,Friday
2020-04-11,22.10,2020,4,11,102,Saturday
2020-04-12,22.56,2020,4,12,103,Sunday
2020-04-13,22.92,2020,4,13,104,Monday
2020-04-14,24.45,2020,4,14,105,Tuesday
2020-04-15,25.07,2020,4,15,106,Wednesday
2020-04-16,23.47,2020,4,16,107,Thursday
2020-04-17,22.61,2020,4,17,108,Friday
2020-04-18,22.45,2020,4,18,109,Saturday
2020-04-19,22.28,2020,4,19,110,Sunday
2020-04-20,22.28,2020,4,20,111,Monday
2020-04-21,22.14,2020,4,21,112,Tuesday
2020-04-22,22.50,2020,4,22,113,Wednesday
2020-04-23,22.76,2020,4,23,114,Thursday
2020-04-24,22.72,2020,4,24,115,Friday
2020-04-25,22.55,2020,4,25,116,Saturday
2020-04-26,22.85,2020,4,26,117,Sunday
2020-04-27,22.78,2020,4,27,118,Monday
2020-04-28,22.48,2020,4,28,119,Tuesday
2020-04-29,22.84,2020,4,29,120,Wednesday
2020-04-30,24.16,2020,4,30,121,Thursday
2020-05-01,23.88,2020,5,1,122,Friday
2020-05-02,23.19,2020,5,2,123,Saturday
2020-05-03,21.89,2020,5,3,124,Sunday
2020-05-04,21.32,2020,5,4,125,Monday
2020-05-05,22.45,2020,5,5,126,Tuesday
2020-05-06,24.11,2020,5,6,127,Wednesday
2020-05-07,20.30,2020,5,7,128,Thursday
2020-05-08,19.95,2020,5,8,129,Friday
2020-05-09,20.46,2020,5,9,130,Saturday
2020-05-10,20.86,2020,5,10,131,Sunday
2020-05-11,21.03,2020,5,11,132,Monday
2020-05-12,21.95,2020,5,12,133,Tuesday
2020-05-13,22.61,2020,5,13,134,Wednesday
2020-05-14,22.82,2020,5,14,135,Thursday
2020-05-15,20.61,2020,5,15,136,Friday
2020-05-16,21.43,2020,5,16,137,Saturday
2020-05-17,21.60,2020,5,17,138,Sunday
2020-05-18,21.94,2020,5,18,139,Monday
2020-05-19,21.89,2020,5,19,140,Tuesday
2020-05-20,21.67,2020,5,20,141,Wednesday
2020-05-21,22.03,2020,5,21,142,Thursday
2020-05-22,23.38,2020,5,22,143,Friday
2020-05-23,25.70,2020,5,23,144,Saturday
2020-05-24,21.88,2020,5,24,145,Sunday
2020-05-25,20.77,2020,5,25,146,Monday
2020-05-26,19.80,2020,5,26,147,Tuesday
2020-05-27,19.91,2020,5,27,148,Wednesday
2020-05-28,20.42,2020,5,28,149,Thursday
2020-05-29,19.68,2020,5,29,150,Friday
2020-05-30,19.50,2020,5,30,151,Saturday
2020-05-31,21.26,2020,5,31,152,Sunday
2020-06-01,22.40,2020,6,1,153,Monday
2020-06-02,21.11,2020,6,2,154,Tuesday
2020-06-03,21.22,2020,6,3,155,Wednesday
2020-06-04,21.60,2020,6,4,156,Thursday
2020-06-05,21.74,2020,6,5,157,Friday
2020-06-06,22.35,2020,6,6,158,Saturday
2020-06-07,22.23,2020,6,7,159,Sunday
2020-06-08,22.13,2020,6,8,160,Monday
2020-06-09,22.95,2020,6,9,161,Tuesday
2020-06-10,24.17,2020,6,10,162,Wednesday
2020-06-11,24.37,2020,6,11,163,Thursday
2020-06-12,24.73,2020,6,12,164,Friday
2020-06-13,24.89,2020,6,13,165,Saturday
2020-06-14,22.64,2020,6,14,166,Sunday
2020-06-15,21.38,2020,6,15,167,Monday
2020-06-16,21.18,2020,6,16,168,Tuesday
2020-06-17,21.62,2020,6,17,169,Wednesday
2020-06-18,20.68,2020,6,18,170,Thursday
2020-06-19,22.11,2020,6,19,171,Friday
2020-06-20,22.62,2020,6,20,172,Saturday
2020-06-21,24.58,2020,6,21,173,Sunday
2020-06-22,24.22,2020,6,22,174,Monday
2020-06-23,22.60,2020,6,23,175,Tuesday
2020-06-24,21.28,2020,6,24,176,Wednesday
2020-06-25,22.41,2020,6,25,177,Thursday
2020-06-26,22.75,2020,6,26,178,Friday
2020-06-27,21.62,2020,6,27,179,Saturday
2020-06-28,20.10,2020,6,28,180,Sunday
2020-06-29,20.23,2020,6,29,181,Monday
2020-06-30,22.19,2020,6,30,182,Tuesday
2020-07-01,24.93,2020,7,1,183,Wednesday
2020-07-02,20.54,2020,7,2,184,Thursday
2020-07-03,19.42,2020,7,3,185,Friday
2020-07-04,20.06,2020,7,4,186,Saturday
2020-07-05,21.32,2020,7,5,187,Sunday
2020-07-06,23.03,2020,7,6,188,Monday
2020-07-07,21.60,2020,7,7,189,Tuesday
2020-07-08,23.38,2020,7,8,190,Wednesday
2020-07-09,22.21,2020,7,9,191,Thursday
2020-07-10,20.60,2020,7,10,192,Friday
2020-07-11,21.82,2020,7,11,193,Saturday
2020-07-12,24.88,2020,7,12,194,Sunday
2020-07-13,24.84,2020,7,13,195,Monday
2020-07-14,21.40,2020,7,14,196,Tuesday
2020-07-15,19.74,2020,7,15,197,Wednesday
2020-07-16,19.15,2020,7,16,198,Thursday
2020-07-17,20.01,2020,7,17,199,Friday
2020-07-18,21.10,2020,7,18,200,Saturday
2020-07-19,20.85,2020,7,19,201,Sunday
2020-07-20,21.71,2020,7,20,202,Monday
2020-07-21,21.49,2020,7,21,203,Tuesday
2020-07-22,22.25,2020,7,22,204,Wednesday
2020-07-23,22.86,2020,7,23,205,Thursday
2020-07-24,21.87,2020,7,24,206,Friday
2020-07-25,23.62,2020,7,25,207,Saturday
2020-07-26,21.98,2020,7,26,208,Sunday
2020-07-27,22.99,2020,7,27,209,Monday
2020-07-28,24.34,2020,7,28,210,Tuesday
2020-07-29,21.99,2020,7,29,211,Wednesday
2020-07-30,19.53,2020,7,30,212,Thursday
2020-07-31,19.56,2020,7,31,213,Friday
2020-08-01,20.15,2020,8,1,214,Saturday
2020-08-02,19.59,2020,8,2,215,Sunday
2020-08-03,19.40,2020,8,3,216,Monday
2020-08-04,19.54,2020,8,4,217,Tuesday
2020-08-05,19.82,2020,8,5,218,Wednesday
2020-08-06,20.00,2020,8,6,219,Thursday
2020-08-07,20.11,2020,8,7,220,Friday
2020-08-08,20.03,2020,8,8,221,Saturday
2020-08-09,20.20,2020,8,9,222,Sunday
2020-08-10,21.39,2020,8,10,223,Monday
2020-08-11,23.10,2020,8,11,224,Tuesday
2020-08-12,22.27,2020,8,12,225,Wednesday
2020-08-13,23.15,2020,8,13,226,Thursday
2020-08-14,23.51,2020,8,14,227,Friday
2020-08-15,23.60,2020,8,15,228,Saturday
2020-08-16,21.50,2020,8,16,229,Sunday
2020-08-17,22.42,2020,8,17,230,Monday
2020-08-18,22.73,2020,8,18,231,Tuesday
2020-08-19,23.15,2020,8,19,232,Wednesday
2020-08-20,21.30,2020,8,20,233,Thursday
2020-08-21,18.74,2020,8,21,234,Friday
2020-08-22,17.80,2020,8,22,235,Saturday
2020-08-23,18.34,2020,8,23,236,Sunday
2020-08-24,18.41,2020,8,24,237,Monday
2020-08-25,19.27,2020,8,25,238,Tuesday
2020-08-26,19.48,2020,8,26,239,Wednesday
2020-08-27,19.85,2020,8,27,240,Thursday
2020-08-28,21.72,2020,8,28,241,Friday
2020-08-29,22.70,2020,8,29,242,Saturday
2020-08-30,25.03,2020,8,30,243,Sunday
2020-08-31,22.31,2020,8,31,244,Monday
2020-09-01,21.97,2020,9,1,245,Tuesday
2020-09-02,21.72,2020,9,2,246,Wednesday
2020-09-03,22.53,2020,9,3,247,Thursday
2020-09-04,25.12,2020,9,4,248,Friday
2020-09-05,22.47,2020,9,5,249,Saturday
2020-09-06,22.51,2020,9,6,250,Sunday
2020-09-07,22.10,2020,9,7,251,Monday
2020-09-08,22.70,2020,9,8,252,Tuesday
2020-09-09,23.20,2020,9,9,253,Wednesday
2020-09-10,24.38,2020,9,10,254,Thursday
2020-09-11,23.22,2020,9,11,255,Friday
2020-09-12,25.52,2020,9,12,256,Saturday
2020-09-13,24.28,2020,9,13,257,Sunday
2020-09-14,25.61,2020,9,14,258,Monday
2020-09-15,22.37,2020,9,15,259,Tuesday
2020-09-16,22.91,2020,9,16,260,Wednesday
2020-09-17,24.44,2020,9,17,261,Thursday
2020-09-18,23.53,2020,9,18,262,Friday
2020-09-19,23.97,2020,9,19,263,Saturday
2020-09-20,22.69,2020,9,20,264,Sunday
2020-09-21,22.25,2020,9,21,265,Monday
2020-09-22,20.12,2020,9,22,266,Tuesday
2020-09-23,20.95,2020,9,23,267,Wednesday
2020-09-24,21.79,2020,9,24,268,Thursday
2020-09-25,22.58,2020,9,25,269,Friday
2020-09-26,23.31,2020,9,26,270,Saturday
2020-09-27,26.87,2020,9,27,271,Sunday
2020-09-28,24.80,2020,9,28,272,Monday
2020-09-29,24.08,2020,9,29,273,Tuesday
2020-09-30,24.58,2020,9,30,274,Wednesday
2020-10-01,26.18,2020,10,1,275,Thursday
2020-10-02,29.46,2020,10,2,276,Friday
2020-10-03,25.94,2020,10,3,277,Saturday
2020-10-04,22.73,2020,10,4,278,Sunday
2020-10-05,23.92,2020,10,5,279,Monday
2020-10-06,25.32,2020,10,6,280,Tuesday
2020-10-07,23.67,2020,10,7,281,Wednesday
2020-10-08,24.96,2020,10,8,282,Thursday
2020-10-09,23.16,2020,10,9,283,Friday
2020-10-10,22.80,2020,10,10,284,Saturday
2020-10-11,21.66,2020,10,11,285,Sunday
2020-10-12,22.06,2020,10,12,286,Monday
2020-10-13,23.92,2020,10,13,287,Tuesday
2020-10-14,24.49,2020,10,14,288,Wednesday
2020-10-15,23.28,2020,10,15,289,Thursday
2020-10-16,21.85,2020,10,16,290,Friday
2020-10-17,21.43,2020,10,17,291,Saturday
2020-10-18,22.29,2020,10,18,292,Sunday
2020-10-19,23.66,2020,10,19,293,Monday
2020-10-20,24.02,2020,10,20,294,Tuesday
2020-10-21,23.29,2020,10,21,295,Wednesday
2020-10-22,22.55,2020,10,22,296,Thursday
2020-10-23,22.69,2020,10,23,297,Friday
2020-10-24,23.04,2020,10,24,298,Saturday
2020-10-25,22.75,2020,10,25,299,Sunday
2020-10-26,22.20,2020,10,26,300,Monday
2020-10-27,22.99,2020,10,27,301,Tuesday
2020-10-28,25.46,2020,10,28,302,Wednesday
2020-10-29,24.60,2020,10,29,303,Thursday
2020-10-30,22.35,2020,10,30,304,Friday
2020-10-31,21.00,2020,10,31,305,Saturday
2020-11-01,20.59,2020,11,1,306,Sunday
2020-11-02,20.28,2020,11,2,307,Monday
2020-11-03,20.34,2020,11,3,308,Tuesday
2020-11-04,20.83,2020,11,4,309,Wednesday
2020-11-05,20.49,2020,11,5,310,Thursday
2020-11-06,20.87,2020,11,6,311,Friday
2020-11-07,21.61,2020,11,7,312,Saturday
2020-11-08,22.41,2020,11,8,313,Sunday
2020-11-09,23.49,2020,11,9,314,Monday
2020-11-10,23.81,2020,11,10,315,Tuesday
2020-11-11,23.56,2020,11,11,316,Wednesday
2020-11-12,23.57,2020,11,12,317,Thursday
2020-11-13,23.74,2020,11,13,318,Friday
2020-11-14,23.45,2020,11,14,319,Saturday
2020-11-15,24.68,2020,11,15,320,Sunday
2020-11-16,25.69,2020,11,16,321,Monday
2020-11-17,25.30,2020,11,17,322,Tuesday
2020-11-18,23.26,2020,11,18,323,Wednesday
2020-11-19,22.96,2020,11,19,324,Thursday
2020-11-20,21.82,2020,11,20,325,Friday
2020-11-21,22.11,2020,11,21,326,Saturday
2020-11-22,22.56,2020,11,22,327,Sunday
2020-11-23,22.87,2020,11,23,328,Monday
2020-11-24,23.53,2020,11,24,329,Tuesday
2020-11-25,24.16,2020,11,25,330,Wednesday
2020-11-26,25.36,2020,11,26,331,Thursday
2020-11-27,25.00,2020,11,27,332,Friday
2020-11-28,24.75,2020,11,28,333,Saturday
2020-11-29,25.77,2020,11,29,334,Sunday
2020-11-30,26.50,2020,11,30,335,Monday
2020-12-01,25.81,2020,12,1,336,Tuesday
2020-12-02,24.53,2020,12,2,337,Wednesday
2020-12-03,27.23,2020,12,3,338,Thursday
2020-12-04,27.24,2020,12,4,339,Friday
2020-12-05,24.81,2020,12,5,340,Saturday
2020-12-06,23.47,2020,12,6,341,Sunday
2020-12-07,23.96,2020,12,7,342,Monday
2020-12-08,24.44,2020,12,8,343,Tuesday
2020-12-09,24.19,2020,12,9,344,Wednesday
2020-12-10,23.36,2020,12,10,345,Thursday
2020-12-11,24.10,2020,12,11,346,Friday
2020-12-12,25.35,2020,12,12,347,Saturday
2020-12-13,25.65,2020,12,13,348,Sunday
2020-12-14,27.86,2020,12,14,349,Monday
2020-12-15,26.33,2020,12,15,350,Tuesday
2020-12-16,25.57,2020,12,16,351,Wednesday
2020-12-17,25.28,2020,12,17,352,Thursday
2020-12-18,26.04,2020,12,18,353,Friday
2020-12-19,25.85,2020,12,19,354,Saturday
2020-12-20,27.32,2020,12,20,355,Sunday
2020-12-21,27.65,2020,12,21,356,Monday
2020-12-22,25.36,2020,12,22,357,Tuesday
2020-12-23,23.78,2020,12,23,358,Wednesday
2020-12-24,22.60,2020,12,24,359,Thursday
2020-12-25,23.57,2020,12,25,360,Friday
2020-12-26,23.98,2020,12,26,361,Saturday
2020-12-27,23.68,2020,12,27,362,Sunday
2020-12-28,25.25,2020,12,28,363,Monday
2020-12-29,26.35,2020,12,29,364,Tuesday
2020-12-30,26.51,2020,12,30,365,Wednesday
2020-12-31,28.30,2020,12,31,366,Thursday
2021-01-01,25.13,2021,1,1,1,Friday
2021-01-02,24.02,2021,1,2,2,Saturday
2021-01-03,23.36,2021,1,3,3,Sunday
2021-01-04,24.44,2021,1,4,4,Monday
2021-01-05,25.43,2021,1,5,5,Tuesday
2021-01-06,27.94,2021,1,6,6,Wednesday
2021-01-07,28.12,2021,1,7,7,Thursday
2021-01-08,27.18,2021,1,8,8,Friday
2021-01-09,26.13,2021,1,9,9,Saturday
2021-01-10,26.63,2021,1,10,10,Sunday
2021-01-11,26.88,2021,1,11,11,Monday
2021-01-12,27.79,2021,1,12,12,Tuesday
2021-01-13,26.68,2021,1,13,13,Wednesday
2021-01-14,26.44,2021,1,14,14,Thursday
2021-01-15,26.07,2021,1,15,15,Friday
2021-01-16,27.44,2021,1,16,16,Saturday
2021-01-17,27.68,2021,1,17,17,Sunday
2021-01-18,28.43,2021,1,18,18,Monday
2021-01-19,26.18,2021,1,19,19,Tuesday
2021-01-20,25.68,2021,1,20,20,Wednesday
2021-01-21,25.19,2021,1,21,21,Thursday
2021-01-22,25.76,2021,1,22,22,Friday
2021-01-23,25.89,2021,1,23,23,Saturday
2021-01-24,25.50,2021,1,24,24,Sunday
2021-01-25,26.47,2021,1,25,25,Monday
2021-01-26,26.53,2021,1,26,26,Tuesday
2021-01-27,28.30,2021,1,27,27,Wednesday
2021-01-28,28.20,2021,1,28,28,Thursday
2021-01-29,28.83,2021,1,29,29,Friday
2021-01-30,28.82,2021,1,30,30,Saturday
2021-01-31,28.79,2021,1,31,31,Sunday
2021-02-01,28.20,2021,2,1,32,Monday
2021-02-02,27.95,2021,2,2,33,Tuesday
2021-02-03,27.28,2021,2,3,34,Wednesday
2021-02-04,28.21,2021,2,4,35,Thursday
2021-02-05,25.25,2021,2,5,36,Friday
2021-02-06,22.72,2021,2,6,37,Saturday
2021-02-07,23.16,2021,2,7,38,Sunday
2021-02-08,22.70,2021,2,8,39,Monday
2021-02-09,23.25,2021,2,9,40,Tuesday
2021-02-10,23.99,2021,2,10,41,Wednesday
2021-02-11,24.80,2021,2,11,42,Thursday
2021-02-12,25.59,2021,2,12,43,Friday
2021-02-13,25.39,2021,2,13,44,Saturday
2021-02-14,26.20,2021,2,14,45,Sunday
2021-02-15,25.78,2021,2,15,46,Monday
2021-02-16,26.26,2021,2,16,47,Tuesday
2021-02-17,26.29,2021,2,17,48,Wednesday
2021-02-18,26.19,2021,2,18,49,Thursday
2021-02-19,25.81,2021,2,19,50,Friday
2021-02-20,25.70,2021,2,20,51,Saturday
2021-02-21,25.32,2021,2,21,52,Sunday
2021-02-22,25.14,2021,2,22,53,Monday
2021-02-23,25.15,2021,2,23,54,Tuesday
2021-02-24,25.88,2021,2,24,55,Wednesday
2021-02-25,25.36,2021,2,25,56,Thursday
2021-02-26,25.06,2021,2,26,57,Friday
2021-02-27,25.59,2021,2,27,58,Saturday
2021-02-28,25.74,2021,2,28,59,Sunday
2021-03-01,25.58,2021,3,1,60,Monday
2021-03-02,26.00,2021,3,2,61,Tuesday
2021-03-03,26.69,2021,3,3,62,Wednesday
2021-03-04,27.36,2021,3,4,63,Thursday
2021-03-05,27.98,2021,3,5,64,Friday
2021-03-06,26.10,2021,3,6,65,Saturday
2021-03-07,23.80,2021,3,7,66,Sunday
2021-03-08,24.24,2021,3,8,67,Monday
2021-03-09,24.72,2021,3,9,68,Tuesday
2021-03-10,24.72,2021,3,10,69,Wednesday
2021-03-11,25.44,2021,3,11,70,Thursday
2021-03-12,26.09,2021,3,12,71,Friday
2021-03-13,25.72,2021,3,13,72,Saturday
2021-03-14,26.20,2021,3,14,73,Sunday
2021-03-15,26.41,2021,3,15,74,Monday
2021-03-16,26.42,2021,3,16,75,Tuesday
2021-03-17,26.76,2021,3,17,76,Wednesday
2021-03-18,27.72,2021,3,18,77,Thursday
2021-03-19,26.48,2021,3,19,78,Friday
2021-03-20,26.59,2021,3,20,79,Saturday
2021-03-21,26.49,2021,3,21,80,Sunday
2021-03-22,26.81,2021,3,22,81,Monday
2021-03-23,25.82,2021,3,23,82,Tuesday
2021-03-24,25.86,2021,3,24,83,Wednesday
2021-03-25,25.96,2021,3,25,84,Thursday
2021-03-26,26.77,2021,3,26,85,Friday
2021-03-27,27.15,2021,3,27,86,Saturday
2021-03-28,26.48,2021,3,28,87,Sunday
2021-03-29,27.69,2021,3,29,88,Monday
2021-03-30,26.95,2021,3,30,89,Tuesday
2021-03-31,24.26,2021,3,31,90,Wednesday
2021-04-01,24.34,2021,4,1,91,Thursday
2021-04-02,24.26,2021,4,2,92,Friday
2021-04-03,24.30,2021,4,3,93,Saturday
2021-04-04,23.87,2021,4,4,94,Sunday
2021-04-05,23.51,2021,4,5,95,Monday
2021-04-06,23.86,2021,4,6,96,Tuesday
2021-04-07,23.40,2021,4,7,97,Wednesday
2021-04-08,23.10,2021,4,8,98,Thursday
2021-04-09,23.74,2021,4,9,99,Friday
2021-04-10,23.84,2021,4,10,100,Saturday
2021-04-11,23.88,2021,4,11,101,Sunday
2021-04-12,25.75,2021,4,12,102,Monday
2021-04-13,23.36,2021,4,13,103,Tuesday
2021-04-14,23.34,2021,4,14,104,Wednesday
2021-04-15,22.77,2021,4,15,105,Thursday
2021-04-16,23.00,2021,4,16,106,Friday
2021-04-17,23.34,2021,4,17,107,Saturday
2021-04-18,23.42,2021,4,18,108,Sunday
2021-04-19,23.45,2021,4,19,109,Monday
2021-04-20,23.19,2021,4,20,110,Tuesday
2021-04-21,21.64,2021,4,21,111,Wednesday
2021-04-22,21.31,2021,4,22,112,Thursday
2021-04-23,22.68,2021,4,23,113,Friday
2021-04-24,22.62,2021,4,24,114,Saturday
2021-04-25,22.85,2021,4,25,115,Sunday
2021-04-26,23.07,2021,4,26,116,Monday
2021-04-27,22.72,2021,4,27,117,Tuesday
2021-04-28,22.75,2021,4,28,118,Wednesday
2021-04-29,21.12,2021,4,29,119,Thursday
2021-04-30,21.51,2021,4,30,120,Friday
2021-05-01,21.53,2021,5,1,121,Saturday
2021-05-02,22.08,2021,5,2,122,Sunday
2021-05-03,21.72,2021,5,3,123,Monday
2021-05-04,22.11,2021,5,4,124,Tuesday
2021-05-05,23.43,2021,5,5,125,Wednesday
2021-05-06,23.74,2021,5,6,126,Thursday
2021-05-07,22.68,2021,5,7,127,Friday
2021-05-08,21.70,2021,5,8,128,Saturday
2021-05-09,21.03,2021,5,9,129,Sunday
2021-05-10,21.24,2021,5,10,130,Monday
2021-05-11,21.49,2021,5,11,131,Tuesday
2021-05-12,22.14,2021,5,12,132,Wednesday
2021-05-13,20.84,2021,5,13,133,Thursday
2021-05-14,20.77,2021,5,14,134,Friday
2021-05-15,21.33,2021,5,15,135,Saturday
2021-05-16,21.79,2021,5,16,136,Sunday
2021-05-17,22.08,2021,5,17,137,Monday
2021-05-18,21.63,2021,5,18,138,Tuesday
2021-05-19,20.93,2021,5,19,139,Wednesday
2021-05-20,20.49,2021,5,20,140,Thursday
2021-05-21,21.77,2021,5,21,141,Friday
2021-05-22,23.14,2021,5,22,142,Saturday
2021-05-23,23.99,2021,5,23,143,Sunday
2021-05-24,22.47,2021,5,24,144,Monday
2021-05-25,20.73,2021,5,25,145,Tuesday
2021-05-26,20.52,2021,5,26,146,Wednesday
2021-05-27,21.93,2021,5,27,147,Thursday
2021-05-28,23.74,2021,5,28,148,Friday
2021-05-29,27.35,2021,5,29,149,Saturday
2021-05-30,23.27,2021,5,30,150,Sunday
2021-05-31,21.64,2021,5,31,151,Monday
2021-06-01,21.75,2021,6,1,152,Tuesday
2021-06-02,21.92,2021,6,2,153,Wednesday
2021-06-03,23.43,2021,6,3,154,Thursday
2021-06-04,22.49,2021,6,4,155,Friday
2021-06-05,22.49,2021,6,5,156,Saturday
2021-06-06,23.65,2021,6,6,157,Sunday
2021-06-07,22.54,2021,6,7,158,Monday
2021-06-08,22.18,2021,6,8,159,Tuesday
2021-06-09,21.95,2021,6,9,160,Wednesday
2021-06-10,22.19,2021,6,10,161,Thursday
2021-06-11,21.85,2021,6,11,162,Friday
2021-06-12,20.60,2021,6,12,163,Saturday
2021-06-13,20.14,2021,6,13,164,Sunday
2021-06-14,19.52,2021,6,14,165,Monday
2021-06-15,19.40,2021,6,15,166,Tuesday
2021-06-16,20.29,2021,6,16,167,Wednesday
2021-06-17,19.06,2021,6,17,168,Thursday
2021-06-18,19.65,2021,6,18,169,Friday
2021-06-19,20.25,2021,6,19,170,Saturday
2021-06-20,22.54,2021,6,20,171,Sunday
2021-06-21,20.32,2021,6,21,172,Monday
2021-06-22,19.80,2021,6,22,173,Tuesday
2021-06-23,20.04,2021,6,23,174,Wednesday
2021-06-24,20.07,2021,6,24,175,Thursday
2021-06-25,21.48,2021,6,25,176,Friday
2021-06-26,21.51,2021,6,26,177,Saturday
2021-06-27,20.82,2021,6,27,178,Sunday
2021-06-28,21.19,2021,6,28,179,Monday
2021-06-29,19.68,2021,6,29,180,Tuesday
2021-06-30,18.40,2021,6,30,181,Wednesday
2021-07-01,17.89,2021,7,1,182,Thursday
2021-07-02,17.89,2021,7,2,183,Friday
2021-07-03,19.86,2021,7,3,184,Saturday
2021-07-04,19.71,2021,7,4,185,Sunday
2021-07-05,18.88,2021,7,5,186,Monday
2021-07-06,18.64,2021,7,6,187,Tuesday
2021-07-07,18.70,2021,7,7,188,Wednesday
2021-07-08,19.05,2021,7,8,189,Thursday
2021-07-09,19.39,2021,7,9,190,Friday
2021-07-10,19.62,2021,7,10,191,Saturday
2021-07-11,19.46,2021,7,11,192,Sunday
2021-07-12,20.25,2021,7,12,193,Monday
2021-07-13,20.06,2021,7,13,194,Tuesday
2021-07-14,22.02,2021,7,14,195,Wednesday
2021-07-15,23.22,2021,7,15,196,Thursday
2021-07-16,21.98,2021,7,16,197,Friday
2021-07-17,20.96,2021,7,17,198,Saturday
2021-07-18,20.97,2021,7,18,199,Sunday
2021-07-19,19.21,2021,7,19,200,Monday
2021-07-20,18.24,2021,7,20,201,Tuesday
2021-07-21,17.40,2021,7,21,202,Wednesday
2021-07-22,18.95,2021,7,22,203,Thursday
2021-07-23,19.71,2021,7,23,204,Friday
2021-07-24,19.03,2021,7,24,205,Saturday
2021-07-25,20.10,2021,7,25,206,Sunday
2021-07-26,21.09,2021,7,26,207,Monday
2021-07-27,24.32,2021,7,27,208,Tuesday
2021-07-28,19.23,2021,7,28,209,Wednesday
2021-07-29,16.87,2021,7,29,210,Thursday
2021-07-30,16.81,2021,7,30,211,Friday
2021-07-31,17.00,2021,7,31,212,Saturday
2021-08-01,18.28,2021,8,1,213,Sunday
2021-08-02,18.09,2021,8,2,214,Monday
2021-08-03,18.76,2021,8,3,215,Tuesday
2021-08-04,18.75,2021,8,4,216,Wednesday
2021-08-05,19.00,2021,8,5,217,Thursday
2021-08-06,19.35,2021,8,6,218,Friday
2021-08-07,19.99,2021,8,7,219,Saturday
2021-08-08,20.78,2021,8,8,220,Sunday
2021-08-09,21.02,2021,8,9,221,Monday
2021-08-10,22.45,2021,8,10,222,Tuesday
2021-08-11,20.72,2021,8,11,223,Wednesday
2021-08-12,19.65,2021,8,12,224,Thursday
2021-08-13,19.61,2021,8,13,225,Friday
2021-08-14,19.29,2021,8,14,226,Saturday
2021-08-15,20.05,2021,8,15,227,Sunday
2021-08-16,20.41,2021,8,16,228,Monday
2021-08-17,21.46,2021,8,17,229,Tuesday
2021-08-18,22.06,2021,8,18,230,Wednesday
2021-08-19,22.08,2021,8,19,231,Thursday
2021-08-20,22.42,2021,8,20,232,Friday
2021-08-21,21.12,2021,8,21,233,Saturday
2021-08-22,22.14,2021,8,22,234,Sunday
2021-08-23,24.22,2021,8,23,235,Monday
2021-08-24,24.05,2021,8,24,236,Tuesday
2021-08-25,24.75,2021,8,25,237,Wednesday
2021-08-26,27.10,2021,8,26,238,Thursday
2021-08-27,22.25,2021,8,27,239,Friday
2021-08-28,21.59,2021,8,28,240,Saturday
2021-08-29,20.99,2021,8,29,241,Sunday
2021-08-30,20.67,2021,8,30,242,Monday
2021-08-31,20.03,2021,8,31,243,Tuesday
2021-09-01,20.36,2021,9,1,244,Wednesday
2021-09-02,21.15,2021,9,2,245,Thursday
2021-09-03,23.07,2021,9,3,246,Friday
2021-09-04,23.10,2021,9,4,247,Saturday
2021-09-05,21.57,2021,9,5,248,Sunday
2021-09-06,21.75,2021,9,6,249,Monday
2021-09-07,21.41,2021,9,7,250,Tuesday
2021-09-08,23.21,2021,9,8,251,Wednesday
2021-09-09,23.32,2021,9,9,252,Thursday
2021-09-10,22.47,2021,9,10,253,Friday
2021-09-11,21.33,2021,9,11,254,Saturday
2021-09-12,21.83,2021,9,12,255,Sunday
2021-09-13,23.45,2021,9,13,256,Monday
2021-09-14,27.00,2021,9,14,257,Tuesday
2021-09-15,24.57,2021,9,15,258,Wednesday
2021-09-16,21.83,2021,9,16,259,Thursday
2021-09-17,21.24,2021,9,17,260,Friday
2021-09-18,22.20,2021,9,18,261,Saturday
2021-09-19,22.28,2021,9,19,262,Sunday
2021-09-20,24.15,2021,9,20,263,Monday
2021-09-21,24.58,2021,9,21,264,Tuesday
2021-09-22,20.35,2021,9,22,265,Wednesday
2021-09-23,19.59,2021,9,23,266,Thursday
2021-09-24,20.27,2021,9,24,267,Friday
2021-09-25,21.14,2021,9,25,268,Saturday
2021-09-26,21.83,2021,9,26,269,Sunday
2021-09-27,21.61,2021,9,27,270,Monday
2021-09-28,23.34,2021,9,28,271,Tuesday
2021-09-29,22.69,2021,9,29,272,Wednesday
2021-09-30,21.92,2021,9,30,273,Thursday
2021-10-01,22.36,2021,10,1,274,Friday
2021-10-02,23.47,2021,10,2,275,Saturday
2021-10-03,23.63,2021,10,3,276,Sunday
2021-10-04,23.64,2021,10,4,277,Monday
2021-10-05,21.78,2021,10,5,278,Tuesday
2021-10-06,21.60,2021,10,6,279,Wednesday
2021-10-07,22.48,2021,10,7,280,Thursday
2021-10-08,20.93,2021,10,8,281,Friday
2021-10-09,20.70,2021,10,9,282,Saturday
2021-10-10,20.17,2021,10,10,283,Sunday
2021-10-11,20.20,2021,10,11,284,Monday
2021-10-12,20.73,2021,10,12,285,Tuesday
2021-10-13,21.20,2021,10,13,286,Wednesday
2021-10-14,23.29,2021,10,14,287,Thursday
2021-10-15,26.98,2021,10,15,288,Friday
2021-10-16,24.48,2021,10,16,289,Saturday
2021-10-17,21.87,2021,10,17,290,Sunday
2021-10-18,20.92,2021,10,18,291,Monday
2021-10-19,19.88,2021,10,19,292,Tuesday
2021-10-20,18.08,2021,10,20,293,Wednesday
2021-10-21,19.53,2021,10,21,294,Thursday
2021-10-22,20.80,2021,10,22,295,Friday
2021-10-23,22.93,2021,10,23,296,Saturday
2021-10-24,23.81,2021,10,24,297,Sunday
2021-10-25,21.04,2021,10,25,298,Monday
2021-10-26,21.67,2021,10,26,299,Tuesday
2021-10-27,22.57,2021,10,27,300,Wednesday
2021-10-28,22.63,2021,10,28,301,Thursday
2021-10-29,21.96,2021,10,29,302,Friday
2021-10-30,21.72,2021,10,30,303,Saturday
2021-10-31,21.60,2021,10,31,304,Sunday
2021-11-01,21.35,2021,11,1,305,Monday
2021-11-02,21.84,2021,11,2,306,Tuesday
2021-11-03,21.73,2021,11,3,307,Wednesday
2021-11-04,22.02,2021,11,4,308,Thursday
2021-11-05,21.66,2021,11,5,309,Friday
2021-11-06,21.65,2021,11,6,310,Saturday
2021-11-07,21.57,2021,11,7,311,Sunday
2021-11-08,22.12,2021,11,8,312,Monday
2021-11-09,21.92,2021,11,9,313,Tuesday
2021-11-10,21.87,2021,11,10,314,Wednesday
2021-11-11,21.09,2021,11,11,315,Thursday
2021-11-12,19.50,2021,11,12,316,Friday
2021-11-13,19.47,2021,11,13,317,Saturday
2021-11-14,20.71,2021,11,14,318,Sunday
2021-11-15,21.45,2021,11,15,319,Monday
2021-11-16,22.36,2021,11,16,320,Tuesday
2021-11-17,23.99,2021,11,17,321,Wednesday
2021-11-18,24.45,2021,11,18,322,Thursday
2021-11-19,22.60,2021,11,19,323,Friday
2021-11-20,21.53,2021,11,20,324,Saturday
2021-11-21,20.90,2021,11,21,325,Sunday
2021-11-22,20.87,2021,11,22,326,Monday
2021-11-23,22.47,2021,11,23,327,Tuesday
2021-11-24,22.30,2021,11,24,328,Wednesday
2021-11-25,22.74,2021,11,25,329,Thursday
2021-11-26,25.49,2021,11,26,330,Friday
2021-11-27,24.95,2021,11,27,331,Saturday
2021-11-28,23.84,2021,11,28,332,Sunday
2021-11-29,25.60,2021,11,29,333,Monday
2021-11-30,25.80,2021,11,30,334,Tuesday
2021-12-01,23.97,2021,12,1,335,Wednesday
2021-12-02,23.55,2021,12,2,336,Thursday
2021-12-03,22.94,2021,12,3,337,Friday
2021-12-04,23.25,2021,12,4,338,Saturday
2021-12-05,23.73,2021,12,5,339,Sunday
2021-12-06,23.18,2021,12,6,340,Monday
2021-12-07,21.57,2021,12,7,341,Tuesday
2021-12-08,20.62,2021,12,8,342,Wednesday
2021-12-09,21.97,2021,12,9,343,Thursday
2021-12-10,22.42,2021,12,10,344,Friday
2021-12-11,23.88,2021,12,11,345,Saturday
2021-12-12,26.96,2021,12,12,346,Sunday
2021-12-13,25.71,2021,12,13,347,Monday
2021-12-14,26.36,2021,12,14,348,Tuesday
2021-12-15,27.60,2021,12,15,349,Wednesday
2021-12-16,26.72,2021,12,16,350,Thursday
2021-12-17,25.37,2021,12,17,351,Friday
2021-12-18,23.95,2021,12,18,352,Saturday
2021-12-19,22.96,2021,12,19,353,Sunday
2021-12-20,23.09,2021,12,20,354,Monday
2021-12-21,24.36,2021,12,21,355,Tuesday
2021-12-22,25.97,2021,12,22,356,Wednesday
2021-12-23,23.50,2021,12,23,357,Thursday
2021-12-24,22.42,2021,12,24,358,Friday
2021-12-25,22.42,2021,12,25,359,Saturday
2021-12-26,23.57,2021,12,26,360,Sunday
2021-12-27,24.67,2021,12,27,361,Monday
2021-12-28,24.53,2021,12,28,362,Tuesday
2021-12-29,24.53,2021,12,29,363,Wednesday
2021-12-30,23.98,2021,12,30,364,Thursday
2021-12-31,24.13,2021,12,31,365,Friday
2022-01-01,25.49,2022,1,1,1,Saturday
2022-01-02,25.95,2022,1,2,2,Sunday
2022-01-03,27.10,2022,1,3,3,Monday
2022-01-04,28.09,2022,1,4,4,Tuesday
2022-01-05,27.77,2022,1,5,5,Wednesday
2022-01-06,25.78,2022,1,6,6,Thursday
2022-01-07,23.89,2022,1,7,7,Friday
2022-01-08,23.28,2022,1,8,8,Saturday
2022-01-09,23.12,2022,1,9,9,Sunday
2022-01-10,22.66,2022,1,10,10,Monday
2022-01-11,23.93,2022,1,11,11,Tuesday
2022-01-12,25.02,2022,1,12,12,Wednesday
2022-01-13,25.55,2022,1,13,13,Thursday
2022-01-14,26.07,2022,1,14,14,Friday
2022-01-15,25.79,2022,1,15,15,Saturday
2022-01-16,26.38,2022,1,16,16,Sunday
2022-01-17,27.42,2022,1,17,17,Monday
2022-01-18,27.53,2022,1,18,18,Tuesday
2022-01-19,27.22,2022,1,19,19,Wednesday
2022-01-20,25.98,2022,1,20,20,Thursday
2022-01-21,25.31,2022,1,21,21,Friday
2022-01-22,25.47,2022,1,22,22,Saturday
2022-01-23,25.72,2022,1,23,23,Sunday
2022-01-24,26.19,2022,1,24,24,Monday
2022-01-25,26.37,2022,1,25,25,Tuesday
2022-01-26,27.18,2022,1,26,26,Wednesday
2022-01-27,30.03,2022,1,27,27,Thursday
2022-01-28,26.46,2022,1,28,28,Friday
2022-01-29,25.61,2022,1,29,29,Saturday
2022-01-30,25.70,2022,1,30,30,Sunday
2022-01-31,26.00,2022,1,31,31,Monday
2022-02-01,26.48,2022,2,1,32,Tuesday
2022-02-02,24.89,2022,2,2,33,Wednesday
2022-02-03,24.78,2022,2,3,34,Thursday
2022-02-04,25.97,2022,2,4,35,Friday
2022-02-05,27.89,2022,2,5,36,Saturday
2022-02-06,28.16,2022,2,6,37,Sunday
2022-02-07,25.56,2022,2,7,38,Monday
2022-02-08,23.54,2022,2,8,39,Tuesday
2022-02-09,23.28,2022,2,9,40,Wednesday
2022-02-10,23.40,2022,2,10,41,Thursday
2022-02-11,24.35,2022,2,11,42,Friday
2022-02-12,24.90,2022,2,12,43,Saturday
2022-02-13,24.72,2022,2,13,44,Sunday
2022-02-14,26.58,2022,2,14,45,Monday
2022-02-15,25.47,2022,2,15,46,Tuesday
2022-02-16,25.02,2022,2,16,47,Wednesday
2022-02-17,25.22,2022,2,17,48,Thursday
2022-02-18,23.21,2022,2,18,49,Friday
2022-02-19,23.89,2022,2,19,50,Saturday
2022-02-20,25.31,2022,2,20,51,Sunday
2022-02-21,26.76,2022,2,21,52,Monday
2022-02-22,26.88,2022,2,22,53,Tuesday
2022-02-23,26.70,2022,2,23,54,Wednesday
2022-02-24,25.97,2022,2,24,55,Thursday
2022-02-25,25.75,2022,2,25,56,Friday
2022-02-26,25.67,2022,2,26,57,Saturday
2022-02-27,25.63,2022,2,27,58,Sunday
2022-02-28,26.69,2022,2,28,59,Monday
2022-03-01,28.11,2022,3,1,60,Tuesday
2022-03-02,27.61,2022,3,2,61,Wednesday
2022-03-03,27.37,2022,3,3,62,Thursday
2022-03-04,26.15,2022,3,4,63,Friday
2022-03-05,26.37,2022,3,5,64,Saturday
2022-03-06,27.10,2022,3,6,65,Sunday
2022-03-07,26.95,2022,3,7,66,Monday
2022-03-08,26.80,2022,3,8,67,Tuesday
2022-03-09,26.01,2022,3,9,68,Wednesday
2022-03-10,26.96,2022,3,10,69,Thursday
2022-03-11,27.23,2022,3,11,70,Friday
2022-03-12,26.00,2022,3,12,71,Saturday
2022-03-13,26.07,2022,3,13,72,Sunday
2022-03-14,25.92,2022,3,14,73,Monday
2022-03-15,26.03,2022,3,15,74,Tuesday
2022-03-16,26.79,2022,3,16,75,Wednesday
2022-03-17,27.86,2022,3,17,76,Thursday
2022-03-18,27.97,2022,3,18,77,Friday
2022-03-19,28.01,2022,3,19,78,Saturday
2022-03-20,25.45,2022,3,20,79,Sunday
2022-03-21,23.36,2022,3,21,80,Monday
2022-03-22,23.62,2022,3,22,81,Tuesday
2022-03-23,24.74,2022,3,23,82,Wednesday
2022-03-24,25.79,2022,3,24,83,Thursday
2022-03-25,27.78,2022,3,25,84,Friday
2022-03-26,27.49,2022,3,26,85,Saturday
2022-03-27,25.20,2022,3,27,86,Sunday
2022-03-28,24.57,2022,3,28,87,Monday
2022-03-29,24.27,2022,3,29,88,Tuesday
2022-03-30,26.59,2022,3,30,89,Wednesday
2022-03-31,25.75,2022,3,31,90,Thursday
2022-04-01,23.38,2022,4,1,91,Friday
2022-04-02,23.59,2022,4,2,92,Saturday
2022-04-03,24.64,2022,4,3,93,Sunday
2022-04-04,25.58,2022,4,4,94,Monday
2022-04-05,25.20,2022,4,5,95,Tuesday
2022-04-06,24.37,2022,4,6,96,Wednesday
2022-04-07,23.82,2022,4,7,97,Thursday
2022-04-08,24.20,2022,4,8,98,Friday
2022-04-09,24.57,2022,4,9,99,Saturday
2022-04-10,24.34,2022,4,10,100,Sunday
2022-04-11,24.29,2022,4,11,101,Monday
2022-04-12,25.45,2022,4,12,102,Tuesday
2022-04-13,25.94,2022,4,13,103,Wednesday
2022-04-14,24.33,2022,4,14,104,Thursday
2022-04-15,22.83,2022,4,15,105,Friday
2022-04-16,21.82,2022,4,16,106,Saturday
2022-04-17,21.56,2022,4,17,107,Sunday
2022-04-18,21.63,2022,4,18,108,Monday
2022-04-19,22.18,2022,4,19,109,Tuesday
2022-04-20,22.12,2022,4,20,110,Wednesday
2022-04-21,22.49,2022,4,21,111,Thursday
2022-04-22,23.44,2022,4,22,112,Friday
2022-04-23,26.75,2022,4,23,113,Saturday
2022-04-24,24.37,2022,4,24,114,Sunday
2022-04-25,23.94,2022,4,25,115,Monday
2022-04-26,23.93,2022,4,26,116,Tuesday
2022-04-27,24.81,2022,4,27,117,Wednesday
2022-04-28,25.80,2022,4,28,118,Thursday
2022-04-29,24.52,2022,4,29,119,Friday
2022-04-30,22.58,2022,4,30,120,Saturday
2022-05-01,23.78,2022,5,1,121,Sunday
2022-05-02,24.82,2022,5,2,122,Monday
2022-05-03,25.81,2022,5,3,123,Tuesday
2022-05-04,25.52,2022,5,4,124,Wednesday
2022-05-05,23.93,2022,5,5,125,Thursday
2022-05-06,22.74,2022,5,6,126,Friday
2022-05-07,22.07,2022,5,7,127,Saturday
2022-05-08,21.18,2022,5,8,128,Sunday
2022-05-09,21.46,2022,5,9,129,Monday
2022-05-10,21.39,2022,5,10,130,Tuesday
2022-05-11,23.11,2022,5,11,131,Wednesday
2022-05-12,22.86,2022,5,12,132,Thursday
2022-05-13,22.28,2022,5,13,133,Friday
2022-05-14,21.96,2022,5,14,134,Saturday
2022-05-15,22.28,2022,5,15,135,Sunday
2022-05-16,22.22,2022,5,16,136,Monday
2022-05-17,20.60,2022,5,17,137,Tuesday
2022-05-18,19.00,2022,5,18,138,Wednesday
2022-05-19,18.31,2022,5,19,139,Thursday
2022-05-20,18.92,2022,5,20,140,Friday
2022-05-21,19.38,2022,5,21,141,Saturday
2022-05-22,19.78,2022,5,22,142,Sunday
2022-05-23,20.41,2022,5,23,143,Monday
2022-05-24,20.62,2022,5,24,144,Tuesday
2022-05-25,21.14,2022,5,25,145,Wednesday
2022-05-26,21.39,2022,5,26,146,Thursday
2022-05-27,21.18,2022,5,27,147,Friday
2022-05-28,22.53,2022,5,28,148,Saturday
2022-05-29,23.34,2022,5,29,149,Sunday
2022-05-30,23.92,2022,5,30,150,Monday
2022-05-31,22.35,2022,5,31,151,Tuesday
2022-06-01,22.68,2022,6,1,152,Wednesday
2022-06-02,22.09,2022,6,2,153,Thursday
2022-06-03,20.74,2022,6,3,154,Friday
2022-06-04,19.90,2022,6,4,155,Saturday
2022-06-05,19.49,2022,6,5,156,Sunday
2022-06-06,20.03,2022,6,6,157,Monday
2022-06-07,21.73,2022,6,7,158,Tuesday
2022-06-08,21.18,2022,6,8,159,Wednesday
2022-06-09,21.17,2022,6,9,160,Thursday
2022-06-10,21.90,2022,6,10,161,Friday
2022-06-11,19.62,2022,6,11,162,Saturday
2022-06-12,19.29,2022,6,12,163,Sunday
2022-06-13,19.56,2022,6,13,164,Monday
2022-06-14,18.72,2022,6,14,165,Tuesday
2022-06-15,18.58,2022,6,15,166,Wednesday
2022-06-16,18.72,2022,6,16,167,Thursday
2022-06-17,20.15,2022,6,17,168,Friday
2022-06-18,21.20,2022,6,18,169,Saturday
2022-06-19,19.46,2022,6,19,170,Sunday
2022-06-20,20.08,2022,6,20,171,Monday
2022-06-21,20.65,2022,6,21,172,Tuesday
2022-06-22,22.22,2022,6,22,173,Wednesday
2022-06-23,22.11,2022,6,23,174,Thursday
2022-06-24,21.12,2022,6,24,175,Friday
2022-06-25,19.97,2022,6,25,176,Saturday
2022-06-26,19.66,2022,6,26,177,Sunday
2022-06-27,18.91,2022,6,27,178,Monday
2022-06-28,19.08,2022,6,28,179,Tuesday
2022-06-29,21.93,2022,6,29,180,Wednesday
2022-06-30,20.09,2022,6,30,181,Thursday
2022-07-01,19.08,2022,7,1,182,Friday
2022-07-02,20.92,2022,7,2,183,Saturday
2022-07-03,21.90,2022,7,3,184,Sunday
2022-07-04,20.80,2022,7,4,185,Monday
2022-07-05,22.05,2022,7,5,186,Tuesday
2022-07-06,21.61,2022,7,6,187,Wednesday
2022-07-07,21.75,2022,7,7,188,Thursday
2022-07-08,21.58,2022,7,8,189,Friday
2022-07-09,20.35,2022,7,9,190,Saturday
2022-07-10,21.60,2022,7,10,191,Sunday
2022-07-11,22.11,2022,7,11,192,Monday
2022-07-12,23.90,2022,7,12,193,Tuesday
2022-07-13,21.49,2022,7,13,194,Wednesday
2022-07-14,21.67,2022,7,14,195,Thursday
2022-07-15,22.66,2022,7,15,196,Friday
2022-07-16,23.85,2022,7,16,197,Saturday
2022-07-17,24.24,2022,7,17,198,Sunday
2022-07-18,21.62,2022,7,18,199,Monday
2022-07-19,21.76,2022,7,19,200,Tuesday
2022-07-20,21.05,2022,7,20,201,Wednesday
2022-07-21,20.86,2022,7,21,202,Thursday
2022-07-22,20.62,2022,7,22,203,Friday
2022-07-23,21.55,2022,7,23,204,Saturday
2022-07-24,21.37,2022,7,24,205,Sunday
2022-07-25,20.63,2022,7,25,206,Monday
2022-07-26,20.73,2022,7,26,207,Tuesday
2022-07-27,20.95,2022,7,27,208,Wednesday
2022-07-28,23.24,2022,7,28,209,Thursday
2022-07-29,22.97,2022,7,29,210,Friday
2022-07-30,19.55,2022,7,30,211,Saturday
2022-07-31,19.10,2022,7,31,212,Sunday
2022-08-01,20.28,2022,8,1,213,Monday
2022-08-02,20.66,2022,8,2,214,Tuesday
2022-08-03,20.59,2022,8,3,215,Wednesday
2022-08-04,22.24,2022,8,4,216,Thursday
2022-08-05,24.68,2022,8,5,217,Friday
2022-08-06,21.12,2022,8,6,218,Saturday
2022-08-07,21.15,2022,8,7,219,Sunday
2022-08-08,22.03,2022,8,8,220,Monday
2022-08-09,21.49,2022,8,9,221,Tuesday
2022-08-10,21.54,2022,8,10,222,Wednesday
2022-08-11,19.17,2022,8,11,223,Thursday
2022-08-12,19.24,2022,8,12,224,Friday
2022-08-13,19.66,2022,8,13,225,Saturday
2022-08-14,20.05,2022,8,14,226,Sunday
2022-08-15,20.84,2022,8,15,227,Monday
2022-08-16,24.16,2022,8,16,228,Tuesday
2022-08-17,22.25,2022,8,17,229,Wednesday
2022-08-18,24.22,2022,8,18,230,Thursday
2022-08-19,19.41,2022,8,19,231,Friday
2022-08-20,18.13,2022,8,20,232,Saturday
2022-08-21,17.57,2022,8,21,233,Sunday
2022-08-22,18.51,2022,8,22,234,Monday
2022-08-23,19.47,2022,8,23,235,Tuesday
2022-08-24,20.42,2022,8,24,236,Wednesday
2022-08-25,20.62,2022,8,25,237,Thursday
2022-08-26,21.01,2022,8,26,238,Friday
2022-08-27,22.28,2022,8,27,239,Saturday
2022-08-28,23.75,2022,8,28,240,Sunday
2022-08-29,18.80,2022,8,29,241,Monday
2022-08-30,17.89,2022,8,30,242,Tuesday
2022-08-31,18.06,2022,8,31,243,Wednesday
2022-09-01,18.95,2022,9,1,244,Thursday
2022-09-02,20.47,2022,9,2,245,Friday
2022-09-03,20.43,2022,9,3,246,Saturday
2022-09-04,18.68,2022,9,4,247,Sunday
2022-09-05,19.01,2022,9,5,248,Monday
2022-09-06,19.68,2022,9,6,249,Tuesday
2022-09-07,19.96,2022,9,7,250,Wednesday
2022-09-08,22.42,2022,9,8,251,Thursday
2022-09-09,25.63,2022,9,9,252,Friday
2022-09-10,24.95,2022,9,10,253,Saturday
2022-09-11,19.68,2022,9,11,254,Sunday
2022-09-12,20.03,2022,9,12,255,Monday
2022-09-13,21.65,2022,9,13,256,Tuesday
2022-09-14,21.69,2022,9,14,257,Wednesday
2022-09-15,20.12,2022,9,15,258,Thursday
2022-09-16,18.72,2022,9,16,259,Friday
2022-09-17,18.90,2022,9,17,260,Saturday
2022-09-18,18.06,2022,9,18,261,Sunday
2022-09-19,19.07,2022,9,19,262,Monday
2022-09-20,20.01,2022,9,20,263,Tuesday
2022-09-21,21.06,2022,9,21,264,Wednesday
2022-09-22,21.09,2022,9,22,265,Thursday
2022-09-23,20.35,2022,9,23,266,Friday
2022-09-24,19.47,2022,9,24,267,Saturday
2022-09-25,19.82,2022,9,25,268,Sunday
2022-09-26,20.65,2022,9,26,269,Monday
2022-09-27,22.12,2022,9,27,270,Tuesday
2022-09-28,21.17,2022,9,28,271,Wednesday
2022-09-29,19.75,2022,9,29,272,Thursday
2022-09-30,20.25,2022,9,30,273,Friday
2022-10-01,21.07,2022,10,1,274,Saturday
2022-10-02,21.15,2022,10,2,275,Sunday
2022-10-03,20.70,2022,10,3,276,Monday
2022-10-04,20.35,2022,10,4,277,Tuesday
2022-10-05,21.37,2022,10,5,278,Wednesday
2022-10-06,23.26,2022,10,6,279,Thursday
2022-10-07,23.88,2022,10,7,280,Friday
2022-10-08,22.22,2022,10,8,281,Saturday
2022-10-09,22.38,2022,10,9,282,Sunday
2022-10-10,22.08,2022,10,10,283,Monday
2022-10-11,23.89,2022,10,11,284,Tuesday
2022-10-12,22.51,2022,10,12,285,Wednesday
2022-10-13,23.88,2022,10,13,286,Thursday
2022-10-14,22.82,2022,10,14,287,Friday
2022-10-15,23.34,2022,10,15,288,Saturday
2022-10-16,22.57,2022,10,16,289,Sunday
2022-10-17,22.53,2022,10,17,290,Monday
2022-10-18,22.85,2022,10,18,291,Tuesday
2022-10-19,22.88,2022,10,19,292,Wednesday
2022-10-20,24.53,2022,10,20,293,Thursday
2022-10-21,24.84,2022,10,21,294,Friday
2022-10-22,24.51,2022,10,22,295,Saturday
2022-10-23,22.71,2022,10,23,296,Sunday
2022-10-24,22.58,2022,10,24,297,Monday
2022-10-25,22.07,2022,10,25,298,Tuesday
2022-10-26,22.35,2022,10,26,299,Wednesday
2022-10-27,25.35,2022,10,27,300,Thursday
2022-10-28,24.48,2022,10,28,301,Friday
2022-10-29,25.15,2022,10,29,302,Saturday
2022-10-30,27.51,2022,10,30,303,Sunday
2022-10-31,27.03,2022,10,31,304,Monday
2022-11-01,22.58,2022,11,1,305,Tuesday
2022-11-02,19.54,2022,11,2,306,Wednesday
2022-11-03,18.91,2022,11,3,307,Thursday
2022-11-04,19.01,2022,11,4,308,Friday
2022-11-05,19.67,2022,11,5,309,Saturday
2022-11-06,21.19,2022,11,6,310,Sunday
2022-11-07,19.85,2022,11,7,311,Monday
2022-11-08,20.25,2022,11,8,312,Tuesday
2022-11-09,22.53,2022,11,9,313,Wednesday
2022-11-10,22.90,2022,11,10,314,Thursday
2022-11-11,23.18,2022,11,11,315,Friday
2022-11-12,23.56,2022,11,12,316,Saturday
2022-11-13,23.75,2022,11,13,317,Sunday
2022-11-14,25.77,2022,11,14,318,Monday
2022-11-15,26.70,2022,11,15,319,Tuesday
2022-11-16,23.50,2022,11,16,320,Wednesday
2022-11-17,22.93,2022,11,17,321,Thursday
2022-11-18,22.23,2022,11,18,322,Friday
2022-11-19,22.23,2022,11,19,323,Saturday
2022-11-20,23.02,2022,11,20,324,Sunday
2022-11-21,24.01,2022,11,21,325,Monday
2022-11-22,25.01,2022,11,22,326,Tuesday
2022-11-23,25.46,2022,11,23,327,Wednesday
2022-11-24,22.60,2022,11,24,328,Thursday
2022-11-25,22.47,2022,11,25,329,Friday
2022-11-26,22.81,2022,11,26,330,Saturday
2022-11-27,23.03,2022,11,27,331,Sunday
2022-11-28,23.47,2022,11,28,332,Monday
2022-11-29,24.14,2022,11,29,333,Tuesday
2022-11-30,24.53,2022,11,30,334,Wednesday
2022-12-01,25.65,2022,12,1,335,Thursday
2022-12-02,26.22,2022,12,2,336,Friday
2022-12-03,25.54,2022,12,3,337,Saturday
2022-12-04,26.11,2022,12,4,338,Sunday
2022-12-05,26.95,2022,12,5,339,Monday
2022-12-06,24.93,2022,12,6,340,Tuesday
2022-12-07,24.23,2022,12,7,341,Wednesday
2022-12-08,23.31,2022,12,8,342,Thursday
2022-12-09,23.34,2022,12,9,343,Friday
2022-12-10,23.53,2022,12,10,344,Saturday
2022-12-11,24.37,2022,12,11,345,Sunday
2022-12-12,26.27,2022,12,12,346,Monday
2022-12-13,26.07,2022,12,13,347,Tuesday
2022-12-14,23.63,2022,12,14,348,Wednesday
2022-12-15,23.25,2022,12,15,349,Thursday
2022-12-16,24.25,2022,12,16,350,Friday
2022-12-17,23.75,2022,12,17,351,Saturday
2022-12-18,23.28,2022,12,18,352,Sunday
2022-12-19,23.47,2022,12,19,353,Monday
2022-12-20,22.02,2022,12,20,354,Tuesday
2022-12-21,22.49,2022,12,21,355,Wednesday
2022-12-22,22.25,2022,12,22,356,Thursday
2022-12-23,22.44,2022,12,23,357,Friday
2022-12-24,23.30,2022,12,24,358,Saturday
2022-12-25,24.27,2022,12,25,359,Sunday
2022-12-26,24.59,2022,12,26,360,Monday
2022-12-27,25.18,2022,12,27,361,Tuesday
2022-12-28,26.67,2022,12,28,362,Wednesday
2022-12-29,25.47,2022,12,29,363,Thursday
2022-12-30,22.43,2022,12,30,364,Friday
2022-12-31,24.59,2022,12,31,365,Saturday
2023-01-01,24.77,2023,1,1,1,Sunday
2023-01-02,25.74,2023,1,2,2,Monday
2023-01-03,27.53,2023,1,3,3,Tuesday
2023-01-04,27.25,2023,1,4,4,Wednesday
2023-01-05,23.19,2023,1,5,5,Thursday
2023-01-06,22.20,2023,1,6,6,Friday
2023-01-07,21.45,2023,1,7,7,Saturday
2023-01-08,22.32,2023,1,8,8,Sunday
2023-01-09,22.80,2023,1,9,9,Monday
2023-01-10,23.90,2023,1,10,10,Tuesday
2023-01-11,25.44,2023,1,11,11,Wednesday
2023-01-12,26.59,2023,1,12,12,Thursday
2023-01-13,27.69,2023,1,13,13,Friday
2023-01-14,28.02,2023,1,14,14,Saturday
2023-01-15,27.73,2023,1,15,15,Sunday
2023-01-16,26.60,2023,1,16,16,Monday
2023-01-17,26.43,2023,1,17,17,Tuesday
2023-01-18,25.85,2023,1,18,18,Wednesday
2023-01-19,25.67,2023,1,19,19,Thursday
2023-01-20,24.75,2023,1,20,20,Friday
2023-01-21,24.93,2023,1,21,21,Saturday
2023-01-22,25.33,2023,1,22,22,Sunday
2023-01-23,26.55,2023,1,23,23,Monday
2023-01-24,24.84,2023,1,24,24,Tuesday
2023-01-25,24.80,2023,1,25,25,Wednesday
2023-01-26,24.78,2023,1,26,26,Thursday
2023-01-27,25.27,2023,1,27,27,Friday
2023-01-28,26.25,2023,1,28,28,Saturday
2023-01-29,27.05,2023,1,29,29,Sunday
2023-01-30,27.16,2023,1,30,30,Monday
2023-01-31,27.58,2023,1,31,31,Tuesday
2023-02-01,26.32,2023,2,1,32,Wednesday
2023-02-02,27.08,2023,2,2,33,Thursday
2023-02-03,27.71,2023,2,3,34,Friday
2023-02-04,28.04,2023,2,4,35,Saturday
2023-02-05,27.40,2023,2,5,36,Sunday
2023-02-06,26.87,2023,2,6,37,Monday
2023-02-07,25.69,2023,2,7,38,Tuesday
2023-02-08,24.47,2023,2,8,39,Wednesday
2023-02-09,24.86,2023,2,9,40,Thursday
2023-02-10,26.24,2023,2,10,41,Friday
2023-02-11,25.80,2023,2,11,42,Saturday
2023-02-12,25.72,2023,2,12,43,Sunday
2023-02-13,25.91,2023,2,13,44,Monday
2023-02-14,27.30,2023,2,14,45,Tuesday
2023-02-15,28.56,2023,2,15,46,Wednesday
2023-02-16,28.09,2023,2,16,47,Thursday
2023-02-17,28.75,2023,2,17,48,Friday
2023-02-18,26.81,2023,2,18,49,Saturday
2023-02-19,25.55,2023,2,19,50,Sunday
2023-02-20,25.29,2023,2,20,51,Monday
2023-02-21,26.74,2023,2,21,52,Tuesday
2023-02-22,25.67,2023,2,22,53,Wednesday
2023-02-23,25.79,2023,2,23,54,Thursday
2023-02-24,26.45,2023,2,24,55,Friday
2023-02-25,27.70,2023,2,25,56,Saturday
2023-02-26,28.19,2023,2,26,57,Sunday
2023-02-27,26.71,2023,2,27,58,Monday
2023-02-28,25.82,2023,2,28,59,Tuesday
2023-03-01,25.12,2023,3,1,60,Wednesday
2023-03-02,26.29,2023,3,2,61,Thursday
2023-03-03,27.00,2023,3,3,62,Friday
2023-03-04,27.95,2023,3,4,63,Saturday
2023-03-05,28.22,2023,3,5,64,Sunday
2023-03-06,26.89,2023,3,6,65,Monday
2023-03-07,28.00,2023,3,7,66,Tuesday
2023-03-08,27.55,2023,3,8,67,Wednesday
2023-03-09,27.77,2023,3,9,68,Thursday
2023-03-10,27.33,2023,3,10,69,Friday
2023-03-11,25.51,2023,3,11,70,Saturday
2023-03-12,25.59,2023,3,12,71,Sunday
2023-03-13,25.37,2023,3,13,72,Monday
2023-03-14,25.36,2023,3,14,73,Tuesday
2023-03-15,25.00,2023,3,15,74,Wednesday
2023-03-16,24.71,2023,3,16,75,Thursday
2023-03-17,24.40,2023,3,17,76,Friday
2023-03-18,24.59,2023,3,18,77,Saturday
2023-03-19,25.28,2023,3,19,78,Sunday
2023-03-20,26.46,2023,3,20,79,Monday
2023-03-21,25.95,2023,3,21,80,Tuesday
2023-03-22,25.13,2023,3,22,81,Wednesday
2023-03-23,25.06,2023,3,23,82,Thursday
2023-03-24,25.73,2023,3,24,83,Friday
2023-03-25,25.79,2023,3,25,84,Saturday
2023-03-26,27.45,2023,3,26,85,Sunday
2023-03-27,25.30,2023,3,27,86,Monday
2023-03-28,25.12,2023,3,28,87,Tuesday
2023-03-29,25.92,2023,3,29,88,Wednesday
2023-03-30,26.41,2023,3,30,89,Thursday
2023-03-31,26.34,2023,3,31,90,Friday
2023-04-01,25.53,2023,4,1,91,Saturday
2023-04-02,24.27,2023,4,2,92,Sunday
2023-04-03,23.57,2023,4,3,93,Monday
2023-04-04,24.18,2023,4,4,94,Tuesday
2023-04-05,24.17,2023,4,5,95,Wednesday
2023-04-06,23.95,2023,4,6,96,Thursday
2023-04-07,24.00,2023,4,7,97,Friday
2023-04-08,24.07,2023,4,8,98,Saturday
2023-04-09,23.60,2023,4,9,99,Sunday
2023-04-10,22.85,2023,4,10,100,Monday
2023-04-11,23.07,2023,4,11,101,Tuesday
2023-04-12,24.06,2023,4,12,102,Wednesday
2023-04-13,25.07,2023,4,13,103,Thursday
2023-04-14,24.90,2023,4,14,104,Friday
2023-04-15,24.64,2023,4,15,105,Saturday
2023-04-16,23.58,2023,4,16,106,Sunday
2023-04-17,25.40,2023,4,17,107,Monday
2023-04-18,26.58,2023,4,18,108,Tuesday
2023-04-19,24.25,2023,4,19,109,Wednesday
2023-04-20,23.05,2023,4,20,110,Thursday
2023-04-21,22.09,2023,4,21,111,Friday
2023-04-22,22.32,2023,4,22,112,Saturday
2023-04-23,22.85,2023,4,23,113,Sunday
2023-04-24,22.34,2023,4,24,114,Monday
2023-04-25,22.68,2023,4,25,115,Tuesday
2023-04-26,24.00,2023,4,26,116,Wednesday
2023-04-27,24.37,2023,4,27,117,Thursday
2023-04-28,22.45,2023,4,28,118,Friday
2023-04-29,22.38,2023,4,29,119,Saturday
2023-04-30,22.60,2023,4,30,120,Sunday
2023-05-01,23.18,2023,5,1,121,Monday
2023-05-02,23.08,2023,5,2,122,Tuesday
2023-05-03,22.99,2023,5,3,123,Wednesday
2023-05-04,23.20,2023,5,4,124,Thursday
2023-05-05,23.30,2023,5,5,125,Friday
2023-05-06,23.51,2023,5,6,126,Saturday
2023-05-07,23.49,2023,5,7,127,Sunday
2023-05-08,23.79,2023,5,8,128,Monday
2023-05-09,23.75,2023,5,9,129,Tuesday
2023-05-10,22.65,2023,5,10,130,Wednesday
2023-05-11,21.60,2023,5,11,131,Thursday
2023-05-12,21.30,2023,5,12,132,Friday
2023-05-13,20.01,2023,5,13,133,Saturday
2023-05-14,20.47,2023,5,14,134,Sunday
2023-05-15,21.18,2023,5,15,135,Monday
2023-05-16,21.93,2023,5,16,136,Tuesday
2023-05-17,21.68,2023,5,17,137,Wednesday
2023-05-18,20.85,2023,5,18,138,Thursday
2023-05-19,20.23,2023,5,19,139,Friday
2023-05-20,19.98,2023,5,20,140,Saturday
2023-05-21,21.10,2023,5,21,141,Sunday
2023-05-22,21.69,2023,5,22,142,Monday
2023-05-23,21.97,2023,5,23,143,Tuesday
2023-05-24,22.11,2023,5,24,144,Wednesday
2023-05-25,21.89,2023,5,25,145,Thursday
2023-05-26,22.34,2023,5,26,146,Friday
2023-05-27,21.72,2023,5,27,147,Saturday
2023-05-28,22.43,2023,5,28,148,Sunday
2023-05-29,21.41,2023,5,29,149,Monday
2023-05-30,21.32,2023,5,30,150,Tuesday
2023-05-31,20.62,2023,5,31,151,Wednesday
2023-06-01,21.18,2023,6,1,152,Thursday
2023-06-02,20.68,2023,6,2,153,Friday
2023-06-03,20.25,2023,6,3,154,Saturday
2023-06-04,20.28,2023,6,4,155,Sunday
2023-06-05,20.37,2023,6,5,156,Monday
2023-06-06,20.06,2023,6,6,157,Tuesday
2023-06-07,20.11,2023,6,7,158,Wednesday
2023-06-08,20.55,2023,6,8,159,Thursday
2023-06-09,21.01,2023,6,9,160,Friday
2023-06-10,22.40,2023,6,10,161,Saturday
2023-06-11,23.62,2023,6,11,162,Sunday
2023-06-12,22.60,2023,6,12,163,Monday
2023-06-13,21.93,2023,6,13,164,Tuesday
2023-06-14,22.02,2023,6,14,165,Wednesday
2023-06-15,22.27,2023,6,15,166,Thursday
2023-06-16,22.64,2023,6,16,167,Friday
2023-06-17,21.07,2023,6,17,168,Saturday
2023-06-18,20.13,2023,6,18,169,Sunday
2023-06-19,19.66,2023,6,19,170,Monday
2023-06-20,19.49,2023,6,20,171,Tuesday
2023-06-21,20.02,2023,6,21,172,Wednesday
2023-06-22,20.12,2023,6,22,173,Thursday
2023-06-23,20.97,2023,6,23,174,Friday
2023-06-24,22.35,2023,6,24,175,Saturday
2023-06-25,21.40,2023,6,25,176,Sunday
2023-06-26,21.31,2023,6,26,177,Monday
2023-06-27,23.18,2023,6,27,178,Tuesday
2023-06-28,22.80,2023,6,28,179,Wednesday
2023-06-29,21.72,2023,6,29,180,Thursday
2023-06-30,20.53,2023,6,30,181,Friday
2023-07-01,21.00,2023,7,1,182,Saturday
2023-07-02,20.83,2023,7,2,183,Sunday
2023-07-03,19.70,2023,7,3,184,Monday
2023-07-04,18.89,2023,7,4,185,Tuesday
2023-07-05,19.34,2023,7,5,186,Wednesday
2023-07-06,20.33,2023,7,6,187,Thursday
2023-07-07,21.43,2023,7,7,188,Friday
2023-07-08,22.90,2023,7,8,189,Saturday
2023-07-09,21.86,2023,7,9,190,Sunday
2023-07-10,21.95,2023,7,10,191,Monday
2023-07-11,23.26,2023,7,11,192,Tuesday
2023-07-12,23.11,2023,7,12,193,Wednesday
2023-07-13,26.38,2023,7,13,194,Thursday
2023-07-14,20.17,2023,7,14,195,Friday
2023-07-15,19.03,2023,7,15,196,Saturday
2023-07-16,20.40,2023,7,16,197,Sunday
2023-07-17,20.65,2023,7,17,198,Monday
2023-07-18,20.82,2023,7,18,199,Tuesday
2023-07-19,20.29,2023,7,19,200,Wednesday
2023-07-20,19.48,2023,7,20,201,Thursday
2023-07-21,20.26,2023,7,21,202,Friday
2023-07-22,20.65,2023,7,22,203,Saturday
2023-07-23,20.80,2023,7,23,204,Sunday
2023-07-24,21.81,2023,7,24,205,Monday
2023-07-25,22.27,2023,7,25,206,Tuesday
2023-07-26,22.66,2023,7,26,207,Wednesday
2023-07-27,23.10,2023,7,27,208,Thursday
2023-07-28,22.14,2023,7,28,209,Friday
2023-07-29,20.10,2023,7,29,210,Saturday
2023-07-30,19.48,2023,7,30,211,Sunday
2023-07-31,19.83,2023,7,31,212,Monday
2023-08-01,20.41,2023,8,1,213,Tuesday
2023-08-02,20.11,2023,8,2,214,Wednesday
2023-08-03,21.81,2023,8,3,215,Thursday
2023-08-04,20.88,2023,8,4,216,Friday
2023-08-05,20.74,2023,8,5,217,Saturday
2023-08-06,21.79,2023,8,6,218,Sunday
2023-08-07,25.00,2023,8,7,219,Monday
2023-08-08,21.67,2023,8,8,220,Tuesday
2023-08-09,21.44,2023,8,9,221,Wednesday
2023-08-10,22.19,2023,8,10,222,Thursday
2023-08-11,24.08,2023,8,11,223,Friday
2023-08-12,24.16,2023,8,12,224,Saturday
2023-08-13,21.56,2023,8,13,225,Sunday
2023-08-14,20.65,2023,8,14,226,Monday
2023-08-15,21.68,2023,8,15,227,Tuesday
2023-08-16,22.09,2023,8,16,228,Wednesday
2023-08-17,22.56,2023,8,17,229,Thursday
2023-08-18,24.78,2023,8,18,230,Friday
2023-08-19,24.18,2023,8,19,231,Saturday
2023-08-20,21.35,2023,8,20,232,Sunday
2023-08-21,22.89,2023,8,21,233,Monday
2023-08-22,23.92,2023,8,22,234,Tuesday
2023-08-23,27.19,2023,8,23,235,Wednesday
2023-08-24,29.01,2023,8,24,236,Thursday
2023-08-25,23.32,2023,8,25,237,Friday
2023-08-26,19.19,2023,8,26,238,Saturday
2023-08-27,17.57,2023,8,27,239,Sunday
2023-08-28,17.70,2023,8,28,240,Monday
2023-08-29,19.89,2023,8,29,241,Tuesday
2023-08-30,21.09,2023,8,30,242,Wednesday
2023-08-31,19.88,2023,8,31,243,Thursday
2023-09-01,21.04,2023,9,1,244,Friday
2023-09-02,23.50,2023,9,2,245,Saturday
2023-09-03,25.08,2023,9,3,246,Sunday
2023-09-04,26.48,2023,9,4,247,Monday
2023-09-05,25.50,2023,9,5,248,Tuesday
2023-09-06,21.21,2023,9,6,249,Wednesday
2023-09-07,20.65,2023,9,7,250,Thursday
2023-09-08,23.04,2023,9,8,251,Friday
2023-09-09,23.91,2023,9,9,252,Saturday
2023-09-10,22.90,2023,9,10,253,Sunday
2023-09-11,23.30,2023,9,11,254,Monday
2023-09-12,24.94,2023,9,12,255,Tuesday
2023-09-13,26.47,2023,9,13,256,Wednesday
2023-09-14,25.49,2023,9,14,257,Thursday
2023-09-15,19.90,2023,9,15,258,Friday
2023-09-16,21.20,2023,9,16,259,Saturday
2023-09-17,25.44,2023,9,17,260,Sunday
2023-09-18,25.66,2023,9,18,261,Monday
2023-09-19,24.10,2023,9,19,262,Tuesday
2023-09-20,22.91,2023,9,20,263,Wednesday
2023-09-21,24.29,2023,9,21,264,Thursday
2023-09-22,25.28,2023,9,22,265,Friday
2023-09-23,23.43,2023,9,23,266,Saturday
2023-09-24,26.47,2023,9,24,267,Sunday
2023-09-25,24.85,2023,9,25,268,Monday
2023-09-26,25.00,2023,9,26,269,Tuesday
2023-09-27,28.61,2023,9,27,270,Wednesday
2023-09-28,22.39,2023,9,28,271,Thursday
2023-09-29,21.62,2023,9,29,272,Friday
2023-09-30,22.93,2023,9,30,273,Saturday
2023-10-01,22.00,2023,10,1,274,Sunday
2023-10-02,21.73,2023,10,2,275,Monday
2023-10-03,21.88,2023,10,3,276,Tuesday
2023-10-04,24.35,2023,10,4,277,Wednesday
2023-10-05,25.28,2023,10,5,278,Thursday
2023-10-06,24.34,2023,10,6,279,Friday
2023-10-07,28.10,2023,10,7,280,Saturday
2023-10-08,25.14,2023,10,8,281,Sunday
2023-10-09,24.43,2023,10,9,282,Monday
2023-10-10,22.84,2023,10,10,283,Tuesday
2023-10-11,23.98,2023,10,11,284,Wednesday
2023-10-12,25.87,2023,10,12,285,Thursday
2023-10-13,22.98,2023,10,13,286,Friday
2023-10-14,20.92,2023,10,14,287,Saturday
2023-10-15,22.43,2023,10,15,288,Sunday
2023-10-16,24.83,2023,10,16,289,Monday
2023-10-17,24.93,2023,10,17,290,Tuesday
2023-10-18,23.32,2023,10,18,291,Wednesday
2023-10-19,21.80,2023,10,19,292,Thursday
2023-10-20,21.29,2023,10,20,293,Friday
2023-10-21,21.68,2023,10,21,294,Saturday
2023-10-22,21.85,2023,10,22,295,Sunday
2023-10-23,23.26,2023,10,23,296,Monday
2023-10-24,25.32,2023,10,24,297,Tuesday
2023-10-25,23.08,2023,10,25,298,Wednesday
2023-10-26,22.33,2023,10,26,299,Thursday
2023-10-27,23.13,2023,10,27,300,Friday
2023-10-28,26.62,2023,10,28,301,Saturday
2023-10-29,28.47,2023,10,29,302,Sunday
2023-10-30,26.43,2023,10,30,303,Monday
2023-10-31,26.79,2023,10,31,304,Tuesday
2023-11-01,23.88,2023,11,1,305,Wednesday
2023-11-02,23.29,2023,11,2,306,Thursday
2023-11-03,25.98,2023,11,3,307,Friday
2023-11-04,24.53,2023,11,4,308,Saturday
2023-11-05,22.67,2023,11,5,309,Sunday
2023-11-06,21.84,2023,11,6,310,Monday
2023-11-07,22.29,2023,11,7,311,Tuesday
2023-11-08,23.28,2023,11,8,312,Wednesday
2023-11-09,26.69,2023,11,9,313,Thursday
2023-11-10,25.00,2023,11,10,314,Friday
2023-11-11,26.10,2023,11,11,315,Saturday
2023-11-12,28.72,2023,11,12,316,Sunday
2023-11-13,28.47,2023,11,13,317,Monday
2023-11-14,27.08,2023,11,14,318,Tuesday
2023-11-15,26.61,2023,11,15,319,Wednesday
2023-11-16,30.38,2023,11,16,320,Thursday
2023-11-17,29.69,2023,11,17,321,Friday
2023-11-18,31.79,2023,11,18,322,Saturday
2023-11-19,26.44,2023,11,19,323,Sunday
2023-11-20,24.20,2023,11,20,324,Monday
2023-11-21,25.19,2023,11,21,325,Tuesday
2023-11-22,28.01,2023,11,22,326,Wednesday
2023-11-23,27.20,2023,11,23,327,Thursday
2023-11-24,23.95,2023,11,24,328,Friday
2023-11-25,23.24,2023,11,25,329,Saturday
2023-11-26,23.06,2023,11,26,330,Sunday
2023-11-27,24.76,2023,11,27,331,Monday
2023-11-28,26.13,2023,11,28,332,Tuesday
2023-11-29,25.72,2023,11,29,333,Wednesday
2023-11-30,26.95,2023,11,30,334,Thursday
2023-12-01,25.65,2023,12,1,335,Friday
2023-12-02,26.02,2023,12,2,336,Saturday
2023-12-03,27.17,2023,12,3,337,Sunday
2023-12-04,26.53,2023,12,4,338,Monday
2023-12-05,26.20,2023,12,5,339,Tuesday
2023-12-06,28.46,2023,12,6,340,Wednesday
2023-12-07,31.18,2023,12,7,341,Thursday
2023-12-08,26.80,2023,12,8,342,Friday
2023-12-09,23.55,2023,12,9,343,Saturday
2023-12-10,23.52,2023,12,10,344,Sunday
2023-12-11,23.66,2023,12,11,345,Monday
2023-12-12,23.87,2023,12,12,346,Tuesday
2023-12-13,23.85,2023,12,13,347,Wednesday
2023-12-14,25.94,2023,12,14,348,Thursday
2023-12-15,27.57,2023,12,15,349,Friday
2023-12-16,27.38,2023,12,16,350,Saturday
2023-12-17,26.33,2023,12,17,351,Sunday
2023-12-18,25.18,2023,12,18,352,Monday
2023-12-19,24.73,2023,12,19,353,Tuesday
2023-12-20,24.55,2023,12,20,354,Wednesday
2023-12-21,25.77,2023,12,21,355,Thursday
2023-12-22,26.72,2023,12,22,356,Friday
2023-12-23,26.94,2023,12,23,357,Saturday
2023-12-24,27.27,2023,12,24,358,Sunday
2023-12-25,28.43,2023,12,25,359,Monday
2023-12-26,28.25,2023,12,26,360,Tuesday
2023-12-27,25.02,2023,12,27,361,Wednesday
2023-12-28,25.45,2023,12,28,362,Thursday
2023-12-29,29.08,2023,12,29,363,Friday
2023-12-30,27.30,2023,12,30,364,Saturday
2023-12-31,24.69,2023,12,31,365,Sunday
2024-01-01,24.42,2024,1,1,1,Monday
2024-01-02,25.29,2024,1,2,2,Tuesday
2024-01-03,25.70,2024,1,3,3,Wednesday
2024-01-04,24.73,2024,1,4,4,Thursday
2024-01-05,24.75,2024,1,5,5,Friday
2024-01-06,24.95,2024,1,6,6,Saturday
2024-01-07,25.30,2024,1,7,7,Sunday
2024-01-08,28.04,2024,1,8,8,Monday
2024-01-09,28.68,2024,1,9,9,Tuesday
2024-01-10,29.01,2024,1,10,10,Wednesday
2024-01-11,29.84,2024,1,11,11,Thursday
2024-01-12,28.03,2024,1,12,12,Friday
2024-01-13,25.71,2024,1,13,13,Saturday
2024-01-14,25.51,2024,1,14,14,Sunday
2024-01-15,28.84,2024,1,15,15,Monday
2024-01-16,30.50,2024,1,16,16,Tuesday
2024-01-17,31.44,2024,1,17,17,Wednesday
2024-01-18,28.68,2024,1,18,18,Thursday
2024-01-19,28.51,2024,1,19,19,Friday
2024-01-20,29.98,2024,1,20,20,Saturday
2024-01-21,26.30,2024,1,21,21,Sunday
2024-01-22,25.15,2024,1,22,22,Monday
2024-01-23,23.19,2024,1,23,23,Tuesday
2024-01-24,22.09,2024,1,24,24,Wednesday
2024-01-25,24.15,2024,1,25,25,Thursday
2024-01-26,23.76,2024,1,26,26,Friday
2024-01-27,24.65,2024,1,27,27,Saturday
2024-01-28,25.07,2024,1,28,28,Sunday
2024-01-29,25.56,2024,1,29,29,Monday
2024-01-30,26.68,2024,1,30,30,Tuesday
2024-01-31,26.95,2024,1,31,31,Wednesday
2024-02-01,25.80,2024,2,1,32,Thursday
2024-02-02,24.97,2024,2,2,33,Friday
2024-02-03,25.87,2024,2,3,34,Saturday
2024-02-04,26.83,2024,2,4,35,Sunday
2024-02-05,27.07,2024,2,5,36,Monday
2024-02-06,26.80,2024,2,6,37,Tuesday
2024-02-07,26.82,2024,2,7,38,Wednesday
2024-02-08,27.12,2024,2,8,39,Thursday
2024-02-09,27.43,2024,2,9,40,Friday
2024-02-10,27.50,2024,2,10,41,Saturday
2024-02-11,28.65,2024,2,11,42,Sunday
2024-02-12,30.25,2024,2,12,43,Monday
2024-02-13,31.05,2024,2,13,44,Tuesday
2024-02-14,27.60,2024,2,14,45,Wednesday
2024-02-15,25.00,2024,2,15,46,Thursday
2024-02-16,25.35,2024,2,16,47,Friday
2024-02-17,25.66,2024,2,17,48,Saturday
2024-02-18,26.01,2024,2,18,49,Sunday
2024-02-19,25.67,2024,2,19,50,Monday
2024-02-20,25.62,2024,2,20,51,Tuesday
2024-02-21,25.25,2024,2,21,52,Wednesday
2024-02-22,27.63,2024,2,22,53,Thursday
2024-02-23,28.87,2024,2,23,54,Friday
2024-02-24,29.33,2024,2,24,55,Saturday
2024-02-25,27.78,2024,2,25,56,Sunday
2024-02-26,26.53,2024,2,26,57,Monday
2024-02-27,27.00,2024,2,27,58,Tuesday
2024-02-28,29.10,2024,2,28,59,Wednesday
2024-02-29,27.93,2024,2,29,60,Thursday
2024-03-01,26.71,2024,3,1,61,Friday
2024-03-02,25.58,2024,3,2,62,Saturday
2024-03-03,25.97,2024,3,3,63,Sunday
2024-03-04,26.94,2024,3,4,64,Monday
2024-03-05,27.68,2024,3,5,65,Tuesday
2024-03-06,25.55,2024,3,6,66,Wednesday
2024-03-07,25.77,2024,3,7,67,Thursday
2024-03-08,25.97,2024,3,8,68,Friday
2024-03-09,27.40,2024,3,9,69,Saturday
2024-03-10,27.30,2024,3,10,70,Sunday
2024-03-11,25.73,2024,3,11,71,Monday
2024-03-12,24.72,2024,3,12,72,Tuesday
2024-03-13,25.04,2024,3,13,73,Wednesday
2024-03-14,25.59,2024,3,14,74,Thursday
2024-03-15,27.05,2024,3,15,75,Friday
2024-03-16,28.73,2024,3,16,76,Saturday
2024-03-17,30.00,2024,3,17,77,Sunday
2024-03-18,27.80,2024,3,18,78,Monday
2024-03-19,27.71,2024,3,19,79,Tuesday
2024-03-20,28.85,2024,3,20,80,Wednesday
2024-03-21,31.40,2024,3,21,81,Thursday
2024-03-22,26.10,2024,3,22,82,Friday
2024-03-23,24.55,2024,3,23,83,Saturday
2024-03-24,23.85,2024,3,24,84,Sunday
2024-03-25,24.94,2024,3,25,85,Monday
2024-03-26,24.51,2024,3,26,86,Tuesday
2024-03-27,23.85,2024,3,27,87,Wednesday
2024-03-28,23.72,2024,3,28,88,Thursday
2024-03-29,25.05,2024,3,29,89,Friday
2024-03-30,25.23,2024,3,30,90,Saturday
2024-03-31,24.69,2024,3,31,91,Sunday
2024-04-01,23.92,2024,4,1,92,Monday
2024-04-02,24.81,2024,4,2,93,Tuesday
2024-04-03,24.92,2024,4,3,94,Wednesday
2024-04-04,24.97,2024,4,4,95,Thursday
2024-04-05,24.81,2024,4,5,96,Friday
2024-04-06,24.32,2024,4,6,97,Saturday
2024-04-07,24.16,2024,4,7,98,Sunday
2024-04-08,25.28,2024,4,8,99,Monday
2024-04-09,25.53,2024,4,9,100,Tuesday
2024-04-10,25.53,2024,4,10,101,Wednesday
2024-04-11,25.20,2024,4,11,102,Thursday
2024-04-12,24.55,2024,4,12,103,Friday
2024-04-13,25.32,2024,4,13,104,Saturday
2024-04-14,25.32,2024,4,14,105,Sunday
2024-04-15,25.80,2024,4,15,106,Monday
2024-04-16,26.39,2024,4,16,107,Tuesday
2024-04-17,26.82,2024,4,17,108,Wednesday
2024-04-18,23.54,2024,4,18,109,Thursday
2024-04-19,22.41,2024,4,19,110,Friday
2024-04-20,22.36,2024,4,20,111,Saturday
2024-04-21,22.90,2024,4,21,112,Sunday
2024-04-22,23.55,2024,4,22,113,Monday
2024-04-23,25.30,2024,4,23,114,Tuesday
2024-04-24,26.26,2024,4,24,115,Wednesday
2024-04-25,24.05,2024,4,25,116,Thursday
2024-04-26,24.25,2024,4,26,117,Friday
2024-04-27,25.29,2024,4,27,118,Saturday
2024-04-28,27.93,2024,4,28,119,Sunday
2024-04-29,24.72,2024,4,29,120,Monday
2024-04-30,26.35,2024,4,30,121,Tuesday
2024-05-01,27.34,2024,5,1,122,Wednesday
2024-05-02,28.23,2024,5,2,123,Thursday
2024-05-03,26.44,2024,5,3,124,Friday
2024-05-04,25.56,2024,5,4,125,Saturday
2024-05-05,25.53,2024,5,5,126,Sunday
2024-05-06,24.81,2024,5,6,127,Monday
2024-05-07,26.28,2024,5,7,128,Tuesday
2024-05-08,26.70,2024,5,8,129,Wednesday
2024-05-09,27.07,2024,5,9,130,Thursday
2024-05-10,24.72,2024,5,10,131,Friday
2024-05-11,26.00,2024,5,11,132,Saturday
2024-05-12,27.98,2024,5,12,133,Sunday
2024-05-13,28.80,2024,5,13,134,Monday
2024-05-14,24.78,2024,5,14,135,Tuesday
2024-05-15,22.97,2024,5,15,136,Wednesday
2024-05-16,23.91,2024,5,16,137,Thursday
2024-05-17,27.32,2024,5,17,138,Friday
2024-05-18,25.66,2024,5,18,139,Saturday
2024-05-19,24.20,2024,5,19,140,Sunday
2024-05-20,24.90,2024,5,20,141,Monday
2024-05-21,23.36,2024,5,21,142,Tuesday
2024-05-22,23.70,2024,5,22,143,Wednesday
2024-05-23,24.57,2024,5,23,144,Thursday
2024-05-24,25.65,2024,5,24,145,Friday
2024-05-25,23.30,2024,5,25,146,Saturday
2024-05-26,20.67,2024,5,26,147,Sunday
2024-05-27,21.35,2024,5,27,148,Monday
2024-05-28,23.48,2024,5,28,149,Tuesday
2024-05-29,21.67,2024,5,29,150,Wednesday
2024-05-30,20.64,2024,5,30,151,Thursday
2024-05-31,20.22,2024,5,31,152,Friday
2024-06-01,21.01,2024,6,1,153,Saturday
2024-06-02,21.87,2024,6,2,154,Sunday
2024-06-03,22.94,2024,6,3,155,Monday
2024-06-04,21.55,2024,6,4,156,Tuesday
2024-06-05,21.20,2024,6,5,157,Wednesday
2024-06-06,21.73,2024,6,6,158,Thursday
2024-06-07,22.25,2024,6,7,159,Friday
2024-06-08,22.69,2024,6,8,160,Saturday
2024-06-09,22.65,2024,6,9,161,Sunday
2024-06-10,23.55,2024,6,10,162,Monday
2024-06-11,24.13,2024,6,11,163,Tuesday
2024-06-12,23.05,2024,6,12,164,Wednesday
2024-06-13,22.97,2024,6,13,165,Thursday
2024-06-14,23.93,2024,6,14,166,Friday
2024-06-15,24.30,2024,6,15,167,Saturday
2024-06-16,24.18,2024,6,16,168,Sunday
2024-06-17,24.94,2024,6,17,169,Monday
2024-06-18,24.62,2024,6,18,170,Tuesday
2024-06-19,24.05,2024,6,19,171,Wednesday
2024-06-20,23.93,2024,6,20,172,Thursday
2024-06-21,23.00,2024,6,21,173,Friday
2024-06-22,23.97,2024,6,22,174,Saturday
2024-06-23,25.84,2024,6,23,175,Sunday
2024-06-24,26.93,2024,6,24,176,Monday
2024-06-25,23.91,2024,6,25,177,Tuesday
2024-06-26,24.68,2024,6,26,178,Wednesday
2024-06-27,23.81,2024,6,27,179,Thursday
2024-06-28,25.22,2024,6,28,180,Friday
2024-06-29,24.01,2024,6,29,181,Saturday
2024-06-30,19.59,2024,6,30,182,Sunday
2024-07-01,19.31,2024,7,1,183,Monday
2024-07-02,20.53,2024,7,2,184,Tuesday
2024-07-03,22.74,2024,7,3,185,Wednesday
2024-07-04,24.28,2024,7,4,186,Thursday
2024-07-05,23.72,2024,7,5,187,Friday
2024-07-06,21.72,2024,7,6,188,Saturday
2024-07-07,21.56,2024,7,7,189,Sunday
2024-07-08,21.55,2024,7,8,190,Monday
2024-07-09,21.10,2024,7,9,191,Tuesday
2024-07-10,22.12,2024,7,10,192,Wednesday
2024-07-11,21.83,2024,7,11,193,Thursday
2024-07-12,22.00,2024,7,12,194,Friday
2024-07-13,21.33,2024,7,13,195,Saturday
2024-07-14,21.95,2024,7,14,196,Sunday
2024-07-15,20.95,2024,7,15,197,Monday
2024-07-16,20.38,2024,7,16,198,Tuesday
2024-07-17,20.60,2024,7,17,199,Wednesday
2024-07-18,20.12,2024,7,18,200,Thursday
2024-07-19,19.72,2024,7,19,201,Friday
2024-07-20,19.39,2024,7,20,202,Saturday
2024-07-21,19.44,2024,7,21,203,Sunday
2024-07-22,20.12,2024,7,22,204,Monday
2024-07-23,19.71,2024,7,23,205,Tuesday
2024-07-24,20.39,2024,7,24,206,Wednesday
2024-07-25,21.71,2024,7,25,207,Thursday
2024-07-26,22.73,2024,7,26,208,Friday
2024-07-27,22.57,2024,7,27,209,Saturday
2024-07-28,24.79,2024,7,28,210,Sunday
2024-07-29,21.48,2024,7,29,211,Monday
2024-07-30,19.98,2024,7,30,212,Tuesday
2024-07-31,20.47,2024,7,31,213,Wednesday
2024-08-01,21.14,2024,8,1,214,Thursday
2024-08-02,21.32,2024,8,2,215,Friday
2024-08-03,21.55,2024,8,3,216,Saturday
2024-08-04,23.40,2024,8,4,217,Sunday
2024-08-05,23.58,2024,8,5,218,Monday
2024-08-06,23.94,2024,8,6,219,Tuesday
2024-08-07,25.25,2024,8,7,220,Wednesday
2024-08-08,25.85,2024,8,8,221,Thursday
2024-08-09,22.71,2024,8,9,222,Friday
2024-08-10,18.04,2024,8,10,223,Saturday
2024-08-11,17.92,2024,8,11,224,Sunday
2024-08-12,18.87,2024,8,12,225,Monday
2024-08-13,17.88,2024,8,13,226,Tuesday
2024-08-14,18.56,2024,8,14,227,Wednesday
2024-08-15,20.31,2024,8,15,228,Thursday
2024-08-16,22.36,2024,8,16,229,Friday
2024-08-17,23.05,2024,8,17,230,Saturday
2024-08-18,23.15,2024,8,18,231,Sunday
2024-08-19,23.70,2024,8,19,232,Monday
2024-08-20,22.95,2024,8,20,233,Tuesday
2024-08-21,21.52,2024,8,21,234,Wednesday
2024-08-22,23.73,2024,8,22,235,Thursday
2024-08-23,27.17,2024,8,23,236,Friday
2024-08-24,23.09,2024,8,24,237,Saturday
2024-08-25,19.88,2024,8,25,238,Sunday
2024-08-26,17.24,2024,8,26,239,Monday
2024-08-27,17.85,2024,8,27,240,Tuesday
2024-08-28,19.23,2024,8,28,241,Wednesday
2024-08-29,20.42,2024,8,29,242,Thursday
2024-08-30,21.04,2024,8,30,243,Friday
2024-08-31,21.25,2024,8,31,244,Saturday
2024-09-01,22.91,2024,9,1,245,Sunday
2024-09-02,22.58,2024,9,2,246,Monday
2024-09-03,21.86,2024,9,3,247,Tuesday
2024-09-04,22.42,2024,9,4,248,Wednesday
2024-09-05,22.47,2024,9,5,249,Thursday
2024-09-06,22.32,2024,9,6,250,Friday
2024-09-07,23.26,2024,9,7,251,Saturday
2024-09-08,24.66,2024,9,8,252,Sunday
2024-09-09,24.68,2024,9,9,253,Monday
2024-09-10,25.18,2024,9,10,254,Tuesday
2024-09-11,27.09,2024,9,11,255,Wednesday
2024-09-12,27.42,2024,9,12,256,Thursday
2024-09-13,26.74,2024,9,13,257,Friday
2024-09-14,25.52,2024,9,14,258,Saturday
2024-09-15,23.18,2024,9,15,259,Sunday
2024-09-16,22.92,2024,9,16,260,Monday
2024-09-17,21.10,2024,9,17,261,Tuesday
2024-09-18,21.40,2024,9,18,262,Wednesday
2024-09-19,22.44,2024,9,19,263,Thursday
2024-09-20,24.90,2024,9,20,264,Friday
2024-09-21,24.47,2024,9,21,265,Saturday
2024-09-22,24.08,2024,9,22,266,Sunday
2024-09-23,25.57,2024,9,23,267,Monday
2024-09-24,25.42,2024,9,24,268,Tuesday
2024-09-25,26.31,2024,9,25,269,Wednesday
2024-09-26,27.68,2024,9,26,270,Thursday
2024-09-27,25.10,2024,9,27,271,Friday
2024-09-28,22.52,2024,9,28,272,Saturday
2024-09-29,22.55,2024,9,29,273,Sunday
2024-09-30,23.78,2024,9,30,274,Monday
2024-10-01,27.72,2024,10,1,275,Tuesday
2024-10-02,27.23,2024,10,2,276,Wednesday
2024-10-03,23.84,2024,10,3,277,Thursday
2024-10-04,20.97,2024,10,4,278,Friday
2024-10-05,20.99,2024,10,5,279,Saturday
2024-10-06,20.53,2024,10,6,280,Sunday
2024-10-07,20.81,2024,10,7,281,Monday
2024-10-08,21.91,2024,10,8,282,Tuesday
2024-10-09,22.08,2024,10,9,283,Wednesday
2024-10-10,22.32,2024,10,10,284,Thursday
2024-10-11,25.17,2024,10,11,285,Friday
2024-10-12,25.64,2024,10,12,286,Saturday
2024-10-13,22.25,2024,10,13,287,Sunday
2024-10-14,22.04,2024,10,14,288,Monday
2024-10-15,22.22,2024,10,15,289,Tuesday
2024-10-16,22.91,2024,10,16,290,Wednesday
2024-10-17,22.35,2024,10,17,291,Thursday
2024-10-18,22.65,2024,10,18,292,Friday
2024-10-19,21.15,2024,10,19,293,Saturday
2024-10-20,20.98,2024,10,20,294,Sunday
2024-10-21,22.90,2024,10,21,295,Monday
2024-10-22,24.61,2024,10,22,296,Tuesday
2024-10-23,25.04,2024,10,23,297,Wednesday
2024-10-24,26.52,2024,10,24,298,Thursday
2024-10-25,28.75,2024,10,25,299,Friday
2024-10-26,27.08,2024,10,26,300,Saturday
2024-10-27,22.68,2024,10,27,301,Sunday
2024-10-28,22.20,2024,10,28,302,Monday
2024-10-29,22.64,2024,10,29,303,Tuesday
2024-10-30,22.64,2024,10,30,304,Wednesday
2024-10-31,22.60,2024,10,31,305,Thursday
2024-11-01,23.20,2024,11,1,306,Friday
2024-11-02,23.98,2024,11,2,307,Saturday
2024-11-03,24.52,2024,11,3,308,Sunday
2024-11-04,24.83,2024,11,4,309,Monday
2024-11-05,25.20,2024,11,5,310,Tuesday
2024-11-06,26.50,2024,11,6,311,Wednesday
2024-11-07,27.18,2024,11,7,312,Thursday
2024-11-08,25.70,2024,11,8,313,Friday
2024-11-09,22.15,2024,11,9,314,Saturday
2024-11-10,21.78,2024,11,10,315,Sunday
2024-11-11,22.94,2024,11,11,316,Monday
2024-11-12,25.53,2024,11,12,317,Tuesday
2024-11-13,21.30,2024,11,13,318,Wednesday
2024-11-14,21.62,2024,11,14,319,Thursday
2024-11-15,23.18,2024,11,15,320,Friday
2024-11-16,22.72,2024,11,16,321,Saturday
2024-11-17,23.47,2024,11,17,322,Sunday
2024-11-18,24.16,2024,11,18,323,Monday
2024-11-19,23.38,2024,11,19,324,Tuesday
2024-11-20,24.31,2024,11,20,325,Wednesday
2024-11-21,23.91,2024,11,21,326,Thursday
2024-11-22,22.78,2024,11,22,327,Friday
2024-11-23,21.56,2024,11,23,328,Saturday
2024-11-24,21.35,2024,11,24,329,Sunday
2024-11-25,22.25,2024,11,25,330,Monday
2024-11-26,25.46,2024,11,26,331,Tuesday
2024-11-27,28.57,2024,11,27,332,Wednesday
2024-11-28,30.15,2024,11,28,333,Thursday
2024-11-29,24.92,2024,11,29,334,Friday
2024-11-30,24.72,2024,11,30,335,Saturday
2024-12-01,24.57,2024,12,1,336,Sunday
2024-12-02,28.40,2024,12,2,337,Monday
2024-12-03,24.93,2024,12,3,338,Tuesday
2024-12-04,22.54,2024,12,4,339,Wednesday
2024-12-05,23.27,2024,12,5,340,Thursday
2024-12-06,26.88,2024,12,6,341,Friday
2024-12-07,28.19,2024,12,7,342,Saturday
2024-12-08,25.31,2024,12,8,343,Sunday
2024-12-09,25.48,2024,12,9,344,Monday
2024-12-10,25.79,2024,12,10,345,Tuesday
2024-12-11,23.33,2024,12,11,346,Wednesday
2024-12-12,23.04,2024,12,12,347,Thursday
2024-12-13,24.19,2024,12,13,348,Friday
2024-12-14,26.25,2024,12,14,349,Saturday
2024-12-15,26.52,2024,12,15,350,Sunday
2024-12-16,27.47,2024,12,16,351,Monday
2024-12-17,24.33,2024,12,17,352,Tuesday
2024-12-18,23.65,2024,12,18,353,Wednesday
2024-12-19,24.36,2024,12,19,354,Thursday
2024-12-20,27.92,2024,12,20,355,Friday
2024-12-21,26.31,2024,12,21,356,Saturday
2024-12-22,25.25,2024,12,22,357,Sunday
2024-12-23,24.30,2024,12,23,358,Monday
2024-12-24,24.29,2024,12,24,359,Tuesday
2024-12-25,26.76,2024,12,25,360,Wednesday
2024-12-26,27.58,2024,12,26,361,Thursday
2024-12-27,25.85,2024,12,27,362,Friday
2024-12-28,25.26,2024,12,28,363,Saturday
2024-12-29,24.53,2024,12,29,364,Sunday
2024-12-30,24.29,2024,12,30,365,Monday
2024-12-31,24.52,2024,12,31,366,Tuesday
